instant,dteday,season,yr,mnth,hr,holiday,weekday,weathersit,temp,atemp,hum,windspeed,casual,registered,cnt
1,2011-01-01,1.0,0.0,1.0,0.0,False,6.0,Clear,0.24,0.2879,0.81,0.0,3.0,13.0,16.0
2,2011-01-01,1.0,0.0,1.0,1.0,False,6.0,Clear,0.22,0.2727,0.8,0.0,8.0,32.0,40.0
3,2011-01-01,1.0,0.0,1.0,2.0,False,6.0,Clear,0.22,0.2727,0.8,0.0,5.0,27.0,32.0
4,2011-01-01,1.0,0.0,1.0,3.0,False,6.0,Clear,0.24,0.2879,0.75,0.0,3.0,10.0,13.0
5,2011-01-01,1.0,0.0,1.0,4.0,False,6.0,Clear,0.24,0.2879,0.75,0.0,0.0,1.0,1.0
6,2011-01-01,1.0,0.0,1.0,5.0,False,6.0,Mist,0.24,0.2576,0.75,0.0896,0.0,1.0,1.0
7,2011-01-01,1.0,0.0,1.0,6.0,False,6.0,Clear,0.22,0.2727,0.8,0.0,2.0,0.0,2.0
8,2011-01-01,1.0,0.0,1.0,7.0,False,6.0,Clear,0.2,0.2576,0.86,0.0,1.0,2.0,3.0
9,2011-01-01,1.0,0.0,1.0,8.0,False,6.0,Clear,0.24,0.197,0.75,0.0,1.0,7.0,8.0
10,2011-01-01,1.0,0.0,1.0,9.0,False,6.0,Clear,0.32,0.3485,0.76,0.0,8.0,6.0,14.0
11,2011-01-01,1.0,0.0,1.0,10.0,False,6.0,Clear,0.38,0.3939,0.76,0.2537,12.0,24.0,36.0
12,2011-01-01,1.0,0.0,1.0,11.0,False,6.0,Clear,0.36,0.3333,0.81,0.2836,26.0,30.0,56.0
13,2011-01-01,1.0,0.0,1.0,12.0,False,6.0,Clear,0.42,0.4242,0.77,0.2836,29.0,55.0,84.0
14,2011-01-01,1.0,0.0,1.0,13.0,False,6.0,Mist,0.46,0.4545,0.72,0.2985,47.0,47.0,94.0
15,2011-01-01,1.0,0.0,1.0,14.0,False,6.0,Mist,0.46,0.4545,0.72,0.2836,35.0,71.0,106.0
16,2011-01-01,1.0,0.0,1.0,15.0,False,6.0,Mist,0.44,0.4394,0.77,0.2985,40.0,70.0,110.0
17,2011-01-01,1.0,0.0,1.0,16.0,False,6.0,Mist,0.42,0.4242,0.82,0.2985,41.0,52.0,93.0
18,2011-01-01,1.0,0.0,1.0,17.0,False,6.0,Mist,0.44,0.197,0.82,0.2836,15.0,52.0,67.0
19,2011-01-01,1.0,0.0,1.0,18.0,False,6.0,Light Snow,0.42,0.4242,0.88,0.2537,9.0,26.0,35.0
20,2011-01-01,1.0,0.0,1.0,19.0,False,6.0,Light Snow,0.42,0.4242,0.88,0.2537,6.0,31.0,37.0
21,2011-01-01,1.0,0.0,1.0,20.0,False,6.0,Mist,0.4,0.4091,0.87,0.2537,11.0,25.0,36.0
22,2011-01-01,1.0,0.0,1.0,21.0,False,6.0,Mist,0.4,0.4091,0.87,0.194,3.0,31.0,34.0
23,2011-01-01,1.0,0.0,1.0,22.0,False,6.0,Mist,0.4,0.4091,0.94,0.2239,11.0,17.0,28.0
24,2011-01-01,1.0,0.0,1.0,23.0,False,6.0,Mist,0.46,0.197,0.88,0.2985,15.0,24.0,39.0
25,2011-01-02,1.0,0.0,1.0,0.0,False,0.0,Mist,0.46,0.4545,0.88,0.2985,4.0,13.0,17.0
26,2011-01-02,1.0,0.0,1.0,1.0,False,0.0,Mist,0.44,0.4394,0.94,0.2537,1.0,16.0,17.0
27,2011-01-02,1.0,0.0,1.0,2.0,False,0.0,Mist,0.42,0.4242,1.0,0.2836,1.0,8.0,9.0
28,2011-01-02,1.0,0.0,1.0,3.0,False,0.0,Mist,0.46,0.4545,0.94,0.194,2.0,4.0,6.0
29,2011-01-02,1.0,0.0,1.0,4.0,False,0.0,Mist,0.46,0.197,0.94,0.194,2.0,1.0,3.0
30,2011-01-02,1.0,0.0,1.0,6.0,False,0.0,Light Snow,0.42,0.4242,0.77,0.2985,0.0,2.0,2.0
31,2011-01-02,1.0,0.0,1.0,7.0,False,0.0,Mist,0.4,0.4091,0.76,0.194,0.0,1.0,1.0
32,2011-01-02,1.0,0.0,1.0,8.0,False,0.0,Light Snow,0.4,0.4091,0.71,0.2239,0.0,8.0,8.0
33,2011-01-02,1.0,0.0,1.0,9.0,False,0.0,Mist,0.38,0.197,0.76,0.2239,1.0,19.0,20.0
34,2011-01-02,1.0,0.0,1.0,10.0,False,0.0,Mist,0.36,0.3485,0.81,0.2239,7.0,46.0,53.0
35,2011-01-02,1.0,0.0,1.0,11.0,False,0.0,Mist,0.36,0.3333,0.71,0.2537,16.0,54.0,70.0
36,2011-01-02,1.0,0.0,1.0,12.0,False,0.0,Mist,0.36,0.3333,0.66,0.2985,20.0,73.0,93.0
37,2011-01-02,1.0,0.0,1.0,13.0,False,0.0,Mist,0.36,0.3485,0.66,0.1343,11.0,64.0,75.0
38,2011-01-02,1.0,0.0,1.0,14.0,False,0.0,Light Snow,0.36,0.197,0.76,0.194,4.0,55.0,59.0
39,2011-01-02,1.0,0.0,1.0,15.0,False,0.0,Light Snow,0.34,0.3333,0.81,0.1642,19.0,55.0,74.0
40,2011-01-02,1.0,0.0,1.0,16.0,False,0.0,Light Snow,0.34,0.3333,0.71,0.1642,9.0,67.0,76.0
41,2011-01-02,1.0,0.0,1.0,17.0,False,0.0,Clear,0.34,0.3333,0.57,0.194,7.0,58.0,65.0
42,2011-01-02,1.0,0.0,1.0,18.0,False,0.0,Mist,0.36,0.3333,0.46,0.3284,10.0,43.0,53.0
43,2011-01-02,1.0,0.0,1.0,19.0,False,0.0,Clear,0.32,0.2879,0.42,0.4478,1.0,29.0,30.0
44,2011-01-02,1.0,0.0,1.0,20.0,False,0.0,Clear,0.3,0.197,0.39,0.3582,5.0,17.0,22.0
45,2011-01-02,1.0,0.0,1.0,21.0,False,0.0,Clear,0.26,0.2273,0.44,0.3284,11.0,20.0,31.0
46,2011-01-02,1.0,0.0,1.0,22.0,False,0.0,Clear,0.24,0.2121,0.44,0.2985,0.0,9.0,9.0
47,2011-01-02,1.0,0.0,1.0,23.0,False,0.0,Clear,0.22,0.2273,0.47,0.1642,0.0,8.0,8.0
48,2011-01-03,1.0,0.0,1.0,0.0,False,1.0,Clear,0.22,0.197,0.44,0.3582,0.0,5.0,5.0
49,2011-01-03,1.0,0.0,1.0,1.0,False,1.0,Clear,0.2,0.197,0.44,0.4179,0.0,2.0,2.0
50,2011-01-03,1.0,0.0,1.0,4.0,False,1.0,Clear,0.16,0.1364,0.47,0.3881,0.0,1.0,1.0
51,2011-01-03,1.0,0.0,1.0,5.0,False,1.0,Clear,0.16,0.1364,0.47,0.2836,0.0,3.0,3.0
52,2011-01-03,1.0,0.0,1.0,6.0,False,1.0,Clear,0.14,0.1061,0.5,0.3881,0.0,30.0,30.0
53,2011-01-03,1.0,0.0,1.0,7.0,False,1.0,Clear,0.14,0.1364,0.5,0.194,1.0,63.0,64.0
54,2011-01-03,1.0,0.0,1.0,8.0,False,1.0,Clear,0.14,0.1212,0.5,0.2836,1.0,153.0,154.0
55,2011-01-03,1.0,0.0,1.0,9.0,False,1.0,Clear,0.16,0.1364,0.43,0.3881,7.0,81.0,88.0
56,2011-01-03,1.0,0.0,1.0,10.0,False,1.0,Clear,0.18,0.1667,0.43,0.2537,11.0,33.0,44.0
57,2011-01-03,1.0,0.0,1.0,11.0,False,1.0,Clear,0.2,0.1818,0.4,0.3284,10.0,41.0,51.0
58,2011-01-03,1.0,0.0,1.0,12.0,False,1.0,Clear,0.22,0.2121,0.35,0.2985,13.0,48.0,61.0
59,2011-01-03,1.0,0.0,1.0,13.0,False,1.0,Clear,0.24,0.197,0.35,0.2836,8.0,53.0,61.0
60,2011-01-03,1.0,0.0,1.0,14.0,False,1.0,Clear,0.26,0.2424,0.3,0.2836,11.0,66.0,77.0
61,2011-01-03,1.0,0.0,1.0,15.0,False,1.0,Clear,0.26,0.2424,0.3,0.2537,14.0,58.0,72.0
62,2011-01-03,1.0,0.0,1.0,16.0,False,1.0,Clear,0.26,0.2424,0.3,0.2537,9.0,67.0,76.0
63,2011-01-03,1.0,0.0,1.0,17.0,False,1.0,Clear,0.24,0.2273,0.3,0.2239,11.0,146.0,157.0
64,2011-01-03,1.0,0.0,1.0,18.0,False,1.0,Clear,0.24,0.2576,0.32,0.1045,9.0,148.0,157.0
65,2011-01-03,1.0,0.0,1.0,19.0,False,1.0,Clear,0.2,0.2576,0.47,0.0,8.0,102.0,110.0
66,2011-01-03,1.0,0.0,1.0,20.0,False,1.0,Clear,0.2,0.197,0.47,0.1045,3.0,49.0,52.0
67,2011-01-03,1.0,0.0,1.0,21.0,False,1.0,Clear,0.18,0.197,0.64,0.1343,3.0,49.0,52.0
68,2011-01-03,1.0,0.0,1.0,22.0,False,1.0,Clear,0.14,0.1515,0.69,0.1343,0.0,20.0,20.0
69,2011-01-03,1.0,0.0,1.0,23.0,False,1.0,Clear,0.18,0.2121,0.55,0.1045,1.0,11.0,12.0
70,2011-01-04,1.0,0.0,1.0,0.0,False,2.0,Clear,0.16,0.197,0.55,0.1045,0.0,5.0,5.0
71,2011-01-04,1.0,0.0,1.0,1.0,False,2.0,Clear,0.16,0.1818,0.59,0.1045,0.0,2.0,2.0
72,2011-01-04,1.0,0.0,1.0,2.0,False,2.0,Clear,0.14,0.1515,0.63,0.1343,0.0,1.0,1.0
73,2011-01-04,1.0,0.0,1.0,4.0,False,2.0,Clear,0.14,0.1818,0.63,0.0896,0.0,2.0,2.0
74,2011-01-04,1.0,0.0,1.0,5.0,False,2.0,Clear,0.12,0.1515,0.68,0.1045,0.0,4.0,4.0
75,2011-01-04,1.0,0.0,1.0,6.0,False,2.0,Clear,0.12,0.1515,0.74,0.1045,0.0,36.0,36.0
76,2011-01-04,1.0,0.0,1.0,7.0,False,2.0,Clear,0.12,0.1515,0.74,0.1343,2.0,92.0,94.0
77,2011-01-04,1.0,0.0,1.0,8.0,False,2.0,Clear,0.14,0.1515,0.69,0.1642,2.0,177.0,179.0
78,2011-01-04,1.0,0.0,1.0,9.0,False,2.0,Clear,0.16,0.1515,0.64,0.2239,2.0,98.0,100.0
79,2011-01-04,1.0,0.0,1.0,10.0,False,2.0,Mist,0.16,0.1364,0.69,0.3284,5.0,37.0,42.0
80,2011-01-04,1.0,0.0,1.0,11.0,False,2.0,Clear,0.22,0.2121,0.51,0.2985,7.0,50.0,57.0
81,2011-01-04,1.0,0.0,1.0,12.0,False,2.0,Clear,0.22,0.2273,0.51,0.1642,12.0,66.0,78.0
82,2011-01-04,1.0,0.0,1.0,13.0,False,2.0,Clear,0.24,0.2273,0.56,0.194,18.0,79.0,97.0
83,2011-01-04,1.0,0.0,1.0,14.0,False,2.0,Clear,0.26,0.2576,0.52,0.2239,9.0,54.0,63.0
84,2011-01-04,1.0,0.0,1.0,15.0,False,2.0,Clear,0.28,0.2727,0.52,0.2537,17.0,48.0,65.0
85,2011-01-04,1.0,0.0,1.0,16.0,False,2.0,Clear,0.3,0.2879,0.49,0.2537,15.0,68.0,83.0
86,2011-01-04,1.0,0.0,1.0,17.0,False,2.0,Clear,0.28,0.2727,0.48,0.2239,10.0,202.0,212.0
87,2011-01-04,1.0,0.0,1.0,18.0,False,2.0,Clear,0.26,0.2576,0.48,0.194,3.0,179.0,182.0
88,2011-01-04,1.0,0.0,1.0,19.0,False,2.0,Clear,0.24,0.2576,0.48,0.1045,2.0,110.0,112.0
89,2011-01-04,1.0,0.0,1.0,20.0,False,2.0,Clear,0.24,0.2576,0.48,0.1045,1.0,53.0,54.0
90,2011-01-04,1.0,0.0,1.0,21.0,False,2.0,Clear,0.22,0.2727,0.64,0.0,0.0,48.0,48.0
91,2011-01-04,1.0,0.0,1.0,22.0,False,2.0,Clear,0.22,0.2576,0.64,0.0896,1.0,34.0,35.0
92,2011-01-04,1.0,0.0,1.0,23.0,False,2.0,Clear,0.2,0.2273,0.69,0.0896,2.0,9.0,11.0
93,2011-01-05,1.0,0.0,1.0,0.0,False,3.0,Clear,0.2,0.2576,0.64,0.0,0.0,6.0,6.0
94,2011-01-05,1.0,0.0,1.0,1.0,False,3.0,Clear,0.16,0.197,0.74,0.0896,0.0,6.0,6.0
95,2011-01-05,1.0,0.0,1.0,2.0,False,3.0,Clear,0.16,0.197,0.74,0.0896,0.0,2.0,2.0
96,2011-01-05,1.0,0.0,1.0,4.0,False,3.0,Clear,0.24,0.2273,0.48,0.2239,0.0,2.0,2.0
97,2011-01-05,1.0,0.0,1.0,5.0,False,3.0,Clear,0.22,0.2273,0.47,0.1642,0.0,3.0,3.0
98,2011-01-05,1.0,0.0,1.0,6.0,False,3.0,Clear,0.2,0.197,0.47,0.2239,0.0,33.0,33.0
99,2011-01-05,1.0,0.0,1.0,7.0,False,3.0,Clear,0.18,0.1818,0.43,0.194,1.0,87.0,88.0
100,2011-01-05,1.0,0.0,1.0,8.0,False,3.0,Clear,0.2,0.1818,0.4,0.2985,3.0,192.0,195.0
101,2011-01-05,1.0,0.0,1.0,9.0,False,3.0,Clear,0.22,0.197,0.37,0.3284,6.0,109.0,115.0
102,2011-01-05,1.0,0.0,1.0,10.0,False,3.0,Clear,0.22,0.197,0.37,0.3284,4.0,53.0,57.0
103,2011-01-05,1.0,0.0,1.0,11.0,False,3.0,Clear,0.26,0.2273,0.33,0.3284,12.0,34.0,46.0
104,2011-01-05,1.0,0.0,1.0,12.0,False,3.0,Clear,0.26,0.2273,0.33,0.3284,5.0,74.0,79.0
105,2011-01-05,1.0,0.0,1.0,13.0,False,3.0,Clear,0.28,0.2576,0.3,0.2985,6.0,65.0,71.0
106,2011-01-05,1.0,0.0,1.0,14.0,False,3.0,Clear,0.3,0.2879,0.28,0.194,10.0,52.0,62.0
107,2011-01-05,1.0,0.0,1.0,15.0,False,3.0,Clear,0.3,0.2879,0.28,0.194,7.0,55.0,62.0
108,2011-01-05,1.0,0.0,1.0,16.0,False,3.0,Clear,0.3,0.3182,0.28,0.0896,4.0,85.0,89.0
109,2011-01-05,1.0,0.0,1.0,17.0,False,3.0,Clear,0.24,0.2273,0.38,0.194,4.0,186.0,190.0
110,2011-01-05,1.0,0.0,1.0,18.0,False,3.0,Clear,0.24,0.2424,0.38,0.1343,3.0,166.0,169.0
111,2011-01-05,1.0,0.0,1.0,19.0,False,3.0,Clear,0.24,0.2576,0.38,0.1045,5.0,127.0,132.0
112,2011-01-05,1.0,0.0,1.0,20.0,False,3.0,Clear,0.22,0.2273,0.47,0.1642,7.0,82.0,89.0
113,2011-01-05,1.0,0.0,1.0,21.0,False,3.0,Clear,0.2,0.197,0.51,0.194,3.0,40.0,43.0
114,2011-01-05,1.0,0.0,1.0,22.0,False,3.0,Clear,0.18,0.197,0.55,0.1343,1.0,41.0,42.0
115,2011-01-05,1.0,0.0,1.0,23.0,False,3.0,Clear,0.2,0.2576,0.47,0.0,1.0,18.0,19.0
116,2011-01-06,1.0,0.0,1.0,0.0,False,4.0,Clear,0.18,0.2424,0.55,0.0,0.0,11.0,11.0
117,2011-01-06,1.0,0.0,1.0,1.0,False,4.0,Clear,0.16,0.2273,0.64,0.0,0.0,4.0,4.0
118,2011-01-06,1.0,0.0,1.0,2.0,False,4.0,Clear,0.16,0.2273,0.64,0.0,0.0,2.0,2.0
119,2011-01-06,1.0,0.0,1.0,4.0,False,4.0,Mist,0.16,0.197,0.64,0.0896,0.0,1.0,1.0
120,2011-01-06,1.0,0.0,1.0,5.0,False,4.0,Mist,0.14,0.1818,0.69,0.0896,0.0,4.0,4.0
121,2011-01-06,1.0,0.0,1.0,6.0,False,4.0,Mist,0.14,0.1667,0.63,0.1045,0.0,36.0,36.0
122,2011-01-06,1.0,0.0,1.0,7.0,False,4.0,Mist,0.16,0.2273,0.59,0.0,0.0,95.0,95.0
123,2011-01-06,1.0,0.0,1.0,8.0,False,4.0,Clear,0.16,0.2273,0.59,0.0,3.0,216.0,219.0
124,2011-01-06,1.0,0.0,1.0,9.0,False,4.0,Mist,0.18,0.2424,0.51,0.0,6.0,116.0,122.0
125,2011-01-06,1.0,0.0,1.0,10.0,False,4.0,Clear,0.2,0.2576,0.47,0.0,3.0,42.0,45.0
126,2011-01-06,1.0,0.0,1.0,11.0,False,4.0,Clear,0.22,0.2576,0.44,0.0896,2.0,57.0,59.0
127,2011-01-06,1.0,0.0,1.0,12.0,False,4.0,Clear,0.26,0.2879,0.35,0.0,6.0,78.0,84.0
128,2011-01-06,1.0,0.0,1.0,13.0,False,4.0,Clear,0.26,0.2727,0.35,0.1045,12.0,55.0,67.0
129,2011-01-06,1.0,0.0,1.0,14.0,False,4.0,Clear,0.28,0.2727,0.36,0.1642,11.0,59.0,70.0
130,2011-01-06,1.0,0.0,1.0,15.0,False,4.0,Clear,0.28,0.2727,0.36,0.0,8.0,54.0,62.0
131,2011-01-06,1.0,0.0,1.0,16.0,False,4.0,Clear,0.26,0.2576,0.38,0.1642,12.0,74.0,86.0
132,2011-01-06,1.0,0.0,1.0,17.0,False,4.0,Clear,0.22,0.2273,0.51,0.1642,9.0,163.0,172.0
133,2011-01-06,1.0,0.0,1.0,18.0,False,4.0,Clear,0.22,0.2273,0.51,0.1343,5.0,158.0,163.0
134,2011-01-06,1.0,0.0,1.0,19.0,False,4.0,Clear,0.22,0.2576,0.55,0.0896,3.0,109.0,112.0
135,2011-01-06,1.0,0.0,1.0,20.0,False,4.0,Clear,0.2,0.2121,0.51,0.1642,3.0,66.0,69.0
136,2011-01-06,1.0,0.0,1.0,21.0,False,4.0,Mist,0.22,0.2121,0.55,0.2239,0.0,48.0,48.0
137,2011-01-06,1.0,0.0,1.0,22.0,False,4.0,Mist,0.22,0.2121,0.51,0.2836,1.0,51.0,52.0
138,2011-01-06,1.0,0.0,1.0,23.0,False,4.0,Mist,0.2,0.197,0.59,0.194,4.0,19.0,23.0
139,2011-01-07,1.0,0.0,1.0,0.0,False,5.0,Mist,0.2,0.197,0.64,0.194,4.0,13.0,17.0
140,2011-01-07,1.0,0.0,1.0,1.0,False,5.0,Mist,0.2,0.197,0.69,0.2239,2.0,5.0,7.0
141,2011-01-07,1.0,0.0,1.0,2.0,False,5.0,Mist,0.2,0.197,0.69,0.2239,0.0,1.0,1.0
142,2011-01-07,1.0,0.0,1.0,4.0,False,5.0,Mist,0.2,0.2121,0.69,0.1343,0.0,1.0,1.0
143,2011-01-07,1.0,0.0,1.0,5.0,False,5.0,Light Snow,0.22,0.2727,0.55,0.0,0.0,5.0,5.0
144,2011-01-07,1.0,0.0,1.0,6.0,False,5.0,Mist,0.2,0.2576,0.69,0.0,8.0,26.0,34.0
145,2011-01-07,1.0,0.0,1.0,7.0,False,5.0,Clear,0.2,0.2121,0.69,0.1343,8.0,76.0,84.0
146,2011-01-07,1.0,0.0,1.0,8.0,False,5.0,Clear,0.2,0.197,0.51,0.2537,20.0,190.0,210.0
147,2011-01-07,1.0,0.0,1.0,9.0,False,5.0,Clear,0.2,0.1818,0.47,0.2985,9.0,125.0,134.0
148,2011-01-07,1.0,0.0,1.0,10.0,False,5.0,Clear,0.22,0.197,0.37,0.3284,16.0,47.0,63.0
149,2011-01-07,1.0,0.0,1.0,11.0,False,5.0,Mist,0.2,0.197,0.4,0.2239,19.0,48.0,67.0
150,2011-01-07,1.0,0.0,1.0,12.0,False,5.0,Mist,0.2,0.197,0.37,0.2537,9.0,50.0,59.0
151,2011-01-07,1.0,0.0,1.0,13.0,False,5.0,Mist,0.2,0.1818,0.37,0.2836,9.0,64.0,73.0
152,2011-01-07,1.0,0.0,1.0,14.0,False,5.0,Mist,0.2,0.197,0.4,0.2537,7.0,43.0,50.0
153,2011-01-07,1.0,0.0,1.0,15.0,False,5.0,Mist,0.2,0.2121,0.37,0.1642,9.0,63.0,72.0
154,2011-01-07,1.0,0.0,1.0,16.0,False,5.0,Mist,0.2,0.2121,0.37,0.1642,5.0,82.0,87.0
155,2011-01-07,1.0,0.0,1.0,17.0,False,5.0,Mist,0.2,0.2576,0.37,0.0,9.0,178.0,187.0
156,2011-01-07,1.0,0.0,1.0,18.0,False,5.0,Clear,0.2,0.2273,0.4,0.0896,7.0,116.0,123.0
157,2011-01-07,1.0,0.0,1.0,19.0,False,5.0,Clear,0.16,0.197,0.55,0.0896,3.0,92.0,95.0
158,2011-01-07,1.0,0.0,1.0,20.0,False,5.0,Clear,0.18,0.2121,0.47,0.1045,1.0,50.0,51.0
159,2011-01-07,1.0,0.0,1.0,21.0,False,5.0,Clear,0.18,0.197,0.47,0.1343,0.0,39.0,39.0
160,2011-01-07,1.0,0.0,1.0,22.0,False,5.0,Mist,0.18,0.197,0.43,0.1642,2.0,34.0,36.0
161,2011-01-07,1.0,0.0,1.0,23.0,False,5.0,Mist,0.18,0.197,0.51,0.1642,1.0,14.0,15.0
162,2011-01-08,1.0,0.0,1.0,0.0,False,6.0,Mist,0.18,0.197,0.51,0.1642,1.0,24.0,25.0
163,2011-01-08,1.0,0.0,1.0,1.0,False,6.0,Mist,0.18,0.2121,0.55,0.0896,1.0,15.0,16.0
164,2011-01-08,1.0,0.0,1.0,2.0,False,6.0,Mist,0.18,0.2424,0.55,0.0,3.0,13.0,16.0
165,2011-01-08,1.0,0.0,1.0,3.0,False,6.0,Light Snow,0.18,0.197,0.55,0.1642,0.0,7.0,7.0
166,2011-01-08,1.0,0.0,1.0,4.0,False,6.0,Light Snow,0.18,0.197,0.55,0.1642,0.0,1.0,1.0
167,2011-01-08,1.0,0.0,1.0,5.0,False,6.0,Mist,0.16,0.1667,0.74,0.1642,0.0,5.0,5.0
168,2011-01-08,1.0,0.0,1.0,6.0,False,6.0,Mist,0.16,0.1667,0.74,0.1642,0.0,2.0,2.0
169,2011-01-08,1.0,0.0,1.0,7.0,False,6.0,Mist,0.16,0.1818,0.74,0.1045,1.0,8.0,9.0
170,2011-01-08,1.0,0.0,1.0,8.0,False,6.0,Light Snow,0.16,0.1818,0.93,0.1045,0.0,15.0,15.0
171,2011-01-08,1.0,0.0,1.0,9.0,False,6.0,Light Snow,0.16,0.1818,0.93,0.1045,0.0,20.0,20.0
172,2011-01-08,1.0,0.0,1.0,10.0,False,6.0,Mist,0.18,0.197,0.8,0.1642,5.0,56.0,61.0
173,2011-01-08,1.0,0.0,1.0,11.0,False,6.0,Mist,0.2,0.1818,0.69,0.3881,2.0,60.0,62.0
174,2011-01-08,1.0,0.0,1.0,12.0,False,6.0,Mist,0.2,0.1818,0.59,0.3582,8.0,90.0,98.0
175,2011-01-08,1.0,0.0,1.0,13.0,False,6.0,Clear,0.2,0.1818,0.44,0.3284,7.0,95.0,102.0
176,2011-01-08,1.0,0.0,1.0,14.0,False,6.0,Clear,0.2,0.1667,0.32,0.4925,12.0,83.0,95.0
177,2011-01-08,1.0,0.0,1.0,15.0,False,6.0,Clear,0.2,0.1667,0.32,0.4478,5.0,69.0,74.0
178,2011-01-08,1.0,0.0,1.0,16.0,False,6.0,Clear,0.18,0.1364,0.29,0.4478,8.0,68.0,76.0
179,2011-01-08,1.0,0.0,1.0,17.0,False,6.0,Clear,0.16,0.1212,0.37,0.5522,5.0,64.0,69.0
180,2011-01-08,1.0,0.0,1.0,18.0,False,6.0,Clear,0.14,0.1212,0.39,0.2985,3.0,52.0,55.0
181,2011-01-08,1.0,0.0,1.0,19.0,False,6.0,Clear,0.14,0.1212,0.36,0.2537,4.0,26.0,30.0
182,2011-01-08,1.0,0.0,1.0,20.0,False,6.0,Clear,0.12,0.1212,0.36,0.2537,0.0,28.0,28.0
183,2011-01-08,1.0,0.0,1.0,21.0,False,6.0,Clear,0.12,0.1061,0.39,0.3582,2.0,35.0,37.0
184,2011-01-08,1.0,0.0,1.0,22.0,False,6.0,Clear,0.12,0.1061,0.36,0.3881,1.0,33.0,34.0
185,2011-01-08,1.0,0.0,1.0,23.0,False,6.0,Clear,0.1,0.0606,0.39,0.4478,0.0,22.0,22.0
186,2011-01-09,1.0,0.0,1.0,0.0,False,0.0,Clear,0.1,0.0758,0.42,0.3881,1.0,24.0,25.0
187,2011-01-09,1.0,0.0,1.0,1.0,False,0.0,Clear,0.1,0.0606,0.42,0.4627,0.0,12.0,12.0
188,2011-01-09,1.0,0.0,1.0,2.0,False,0.0,Clear,0.1,0.0606,0.46,0.4627,0.0,11.0,11.0
189,2011-01-09,1.0,0.0,1.0,3.0,False,0.0,Clear,0.1,0.0758,0.46,0.4179,0.0,4.0,4.0
190,2011-01-09,1.0,0.0,1.0,4.0,False,0.0,Clear,0.08,0.0909,0.53,0.194,0.0,1.0,1.0
191,2011-01-09,1.0,0.0,1.0,5.0,False,0.0,Clear,0.08,0.0909,0.53,0.194,0.0,1.0,1.0
192,2011-01-09,1.0,0.0,1.0,6.0,False,0.0,Clear,0.1,0.0909,0.49,0.2836,0.0,1.0,1.0
193,2011-01-09,1.0,0.0,1.0,7.0,False,0.0,Clear,0.08,0.0909,0.53,0.194,1.0,5.0,6.0
194,2011-01-09,1.0,0.0,1.0,8.0,False,0.0,Clear,0.1,0.0909,0.49,0.2836,0.0,10.0,10.0
195,2011-01-09,1.0,0.0,1.0,9.0,False,0.0,Clear,0.12,0.0758,0.46,0.5224,0.0,19.0,19.0
196,2011-01-09,1.0,0.0,1.0,10.0,False,0.0,Clear,0.14,0.1061,0.43,0.3881,0.0,49.0,49.0
197,2011-01-09,1.0,0.0,1.0,11.0,False,0.0,Clear,0.16,0.1212,0.4,0.5224,2.0,47.0,49.0
198,2011-01-09,1.0,0.0,1.0,12.0,False,0.0,Clear,0.18,0.1364,0.37,0.4478,4.0,79.0,83.0
199,2011-01-09,1.0,0.0,1.0,13.0,False,0.0,Clear,0.2,0.1667,0.34,0.4478,6.0,69.0,75.0
200,2011-01-09,1.0,0.0,1.0,14.0,False,0.0,Clear,0.22,0.1818,0.32,0.4627,8.0,64.0,72.0
201,2011-01-09,1.0,0.0,1.0,15.0,False,0.0,Clear,0.22,0.197,0.35,0.3582,5.0,77.0,82.0
202,2011-01-09,1.0,0.0,1.0,16.0,False,0.0,Clear,0.2,0.1667,0.34,0.4478,13.0,79.0,92.0
203,2011-01-09,1.0,0.0,1.0,17.0,False,0.0,Clear,0.18,0.1515,0.37,0.3881,3.0,59.0,62.0
204,2011-01-09,1.0,0.0,1.0,18.0,False,0.0,Clear,0.16,0.1364,0.4,0.3284,4.0,44.0,48.0
205,2011-01-09,1.0,0.0,1.0,19.0,False,0.0,Clear,0.16,0.1364,0.43,0.3284,1.0,40.0,41.0
206,2011-01-09,1.0,0.0,1.0,20.0,False,0.0,Clear,0.14,0.1212,0.46,0.2537,0.0,38.0,38.0
207,2011-01-09,1.0,0.0,1.0,21.0,False,0.0,Clear,0.14,0.1061,0.46,0.4179,1.0,19.0,20.0
208,2011-01-09,1.0,0.0,1.0,22.0,False,0.0,Clear,0.14,0.1212,0.46,0.2985,5.0,10.0,15.0
209,2011-01-09,1.0,0.0,1.0,23.0,False,0.0,Clear,0.12,0.1364,0.5,0.194,0.0,6.0,6.0
210,2011-01-10,1.0,0.0,1.0,0.0,False,1.0,Clear,0.12,0.1212,0.5,0.2836,2.0,3.0,5.0
211,2011-01-10,1.0,0.0,1.0,1.0,False,1.0,Clear,0.12,0.1212,0.5,0.2836,1.0,0.0,1.0
212,2011-01-10,1.0,0.0,1.0,2.0,False,1.0,Clear,0.12,0.1212,0.5,0.2239,0.0,3.0,3.0
213,2011-01-10,1.0,0.0,1.0,3.0,False,1.0,Clear,0.12,0.1212,0.5,0.2239,0.0,1.0,1.0
214,2011-01-10,1.0,0.0,1.0,4.0,False,1.0,Clear,0.1,0.1212,0.54,0.1343,1.0,2.0,3.0
215,2011-01-10,1.0,0.0,1.0,5.0,False,1.0,Clear,0.1,0.1061,0.54,0.2537,0.0,3.0,3.0
216,2011-01-10,1.0,0.0,1.0,6.0,False,1.0,Clear,0.12,0.1212,0.5,0.2836,0.0,31.0,31.0
217,2011-01-10,1.0,0.0,1.0,7.0,False,1.0,Clear,0.12,0.1212,0.5,0.2239,2.0,75.0,77.0
218,2011-01-10,1.0,0.0,1.0,8.0,False,1.0,Mist,0.12,0.1212,0.5,0.2836,4.0,184.0,188.0
219,2011-01-10,1.0,0.0,1.0,9.0,False,1.0,Mist,0.14,0.1212,0.5,0.2537,2.0,92.0,94.0
220,2011-01-10,1.0,0.0,1.0,10.0,False,1.0,Mist,0.14,0.1212,0.5,0.2985,0.0,31.0,31.0
221,2011-01-10,1.0,0.0,1.0,11.0,False,1.0,Mist,0.16,0.1364,0.47,0.2836,2.0,28.0,30.0
222,2011-01-10,1.0,0.0,1.0,12.0,False,1.0,Mist,0.2,0.1818,0.4,0.2836,5.0,47.0,52.0
223,2011-01-10,1.0,0.0,1.0,13.0,False,1.0,Mist,0.2,0.1818,0.4,0.2836,4.0,50.0,54.0
224,2011-01-10,1.0,0.0,1.0,14.0,False,1.0,Mist,0.2,0.197,0.4,0.2239,0.0,47.0,47.0
225,2011-01-10,1.0,0.0,1.0,15.0,False,1.0,Mist,0.2,0.197,0.4,0.2239,2.0,43.0,45.0
226,2011-01-10,1.0,0.0,1.0,16.0,False,1.0,Clear,0.2,0.2121,0.4,0.1343,4.0,70.0,74.0
227,2011-01-10,1.0,0.0,1.0,17.0,False,1.0,Clear,0.2,0.2273,0.4,0.1045,4.0,174.0,178.0
228,2011-01-10,1.0,0.0,1.0,18.0,False,1.0,Clear,0.2,0.197,0.4,0.2239,1.0,154.0,155.0
229,2011-01-10,1.0,0.0,1.0,19.0,False,1.0,Clear,0.16,0.1667,0.47,0.1642,3.0,92.0,95.0
230,2011-01-10,1.0,0.0,1.0,20.0,False,1.0,Clear,0.16,0.1667,0.5,0.1642,1.0,73.0,74.0
231,2011-01-10,1.0,0.0,1.0,21.0,False,1.0,Clear,0.14,0.1364,0.59,0.194,1.0,37.0,38.0
232,2011-01-10,1.0,0.0,1.0,22.0,False,1.0,Clear,0.14,0.1515,0.59,0.1642,2.0,22.0,24.0
233,2011-01-10,1.0,0.0,1.0,23.0,False,1.0,Clear,0.14,0.1515,0.59,0.1642,0.0,18.0,18.0
234,2011-01-11,1.0,0.0,1.0,0.0,False,2.0,Clear,0.14,0.1667,0.59,0.1045,2.0,10.0,12.0
235,2011-01-11,1.0,0.0,1.0,1.0,False,2.0,Clear,0.14,0.1515,0.59,0.1642,0.0,3.0,3.0
236,2011-01-11,1.0,0.0,1.0,2.0,False,2.0,Mist,0.16,0.1515,0.55,0.194,0.0,3.0,3.0
237,2011-01-11,1.0,0.0,1.0,5.0,False,2.0,Mist,0.16,0.1818,0.55,0.1343,0.0,6.0,6.0
238,2011-01-11,1.0,0.0,1.0,6.0,False,2.0,Mist,0.16,0.1818,0.55,0.1343,0.0,27.0,27.0
239,2011-01-11,1.0,0.0,1.0,7.0,False,2.0,Mist,0.16,0.2273,0.55,0.0,2.0,97.0,99.0
240,2011-01-11,1.0,0.0,1.0,8.0,False,2.0,Mist,0.18,0.2121,0.51,0.0896,3.0,214.0,217.0
241,2011-01-11,1.0,0.0,1.0,9.0,False,2.0,Mist,0.18,0.197,0.51,0.1642,3.0,127.0,130.0
242,2011-01-11,1.0,0.0,1.0,10.0,False,2.0,Mist,0.2,0.2121,0.51,0.1642,3.0,51.0,54.0
243,2011-01-11,1.0,0.0,1.0,11.0,False,2.0,Mist,0.2,0.2121,0.47,0.1343,4.0,31.0,35.0
244,2011-01-11,1.0,0.0,1.0,12.0,False,2.0,Mist,0.2,0.2273,0.51,0.1045,2.0,55.0,57.0
245,2011-01-11,1.0,0.0,1.0,13.0,False,2.0,Mist,0.2,0.2273,0.59,0.0896,6.0,46.0,52.0
246,2011-01-11,1.0,0.0,1.0,14.0,False,2.0,Mist,0.2,0.2273,0.59,0.0896,3.0,60.0,63.0
247,2011-01-11,1.0,0.0,1.0,15.0,False,2.0,Mist,0.16,0.197,0.8,0.0896,2.0,45.0,47.0
248,2011-01-11,1.0,0.0,1.0,16.0,False,2.0,Mist,0.16,0.1515,0.86,0.2239,4.0,72.0,76.0
249,2011-01-11,1.0,0.0,1.0,17.0,False,2.0,Mist,0.16,0.1515,0.86,0.2239,6.0,130.0,136.0
250,2011-01-11,1.0,0.0,1.0,18.0,False,2.0,Light Snow,0.16,0.1818,0.93,0.1045,1.0,94.0,95.0
251,2011-01-11,1.0,0.0,1.0,19.0,False,2.0,Light Snow,0.16,0.2273,0.93,0.0,0.0,51.0,51.0
252,2011-01-11,1.0,0.0,1.0,20.0,False,2.0,Light Snow,0.16,0.1515,0.93,0.194,0.0,32.0,32.0
253,2011-01-11,1.0,0.0,1.0,21.0,False,2.0,Light Snow,0.16,0.197,0.86,0.0896,0.0,20.0,20.0
254,2011-01-11,1.0,0.0,1.0,22.0,False,2.0,Light Snow,0.16,0.1818,0.93,0.1045,1.0,28.0,29.0
255,2011-01-11,1.0,0.0,1.0,23.0,False,2.0,Light Snow,0.16,0.197,0.93,0.0896,1.0,18.0,19.0
256,2011-01-12,1.0,0.0,1.0,0.0,False,3.0,Mist,0.16,0.197,0.86,0.0896,0.0,7.0,7.0
257,2011-01-12,1.0,0.0,1.0,1.0,False,3.0,Mist,0.16,0.1818,0.86,0.1045,0.0,6.0,6.0
258,2011-01-12,1.0,0.0,1.0,2.0,False,3.0,Clear,0.14,0.1515,0.86,0.1343,0.0,1.0,1.0
259,2011-01-12,1.0,0.0,1.0,5.0,False,3.0,Clear,0.14,0.1515,0.86,0.1642,0.0,5.0,5.0
260,2011-01-12,1.0,0.0,1.0,6.0,False,3.0,Clear,0.12,0.1515,0.93,0.1343,0.0,16.0,16.0
261,2011-01-12,1.0,0.0,1.0,7.0,False,3.0,Clear,0.14,0.1515,0.69,0.1343,0.0,54.0,54.0
262,2011-01-12,1.0,0.0,1.0,8.0,False,3.0,Clear,0.16,0.1667,0.59,0.1642,3.0,125.0,128.0
263,2011-01-12,1.0,0.0,1.0,9.0,False,3.0,Clear,0.16,0.1364,0.59,0.3284,3.0,78.0,81.0
264,2011-01-12,1.0,0.0,1.0,10.0,False,3.0,Clear,0.18,0.1818,0.55,0.2239,0.0,39.0,39.0
265,2011-01-12,1.0,0.0,1.0,11.0,False,3.0,Clear,0.2,0.1818,0.51,0.3881,3.0,32.0,35.0
266,2011-01-12,1.0,0.0,1.0,12.0,False,3.0,Clear,0.2,0.1515,0.47,0.5821,3.0,52.0,55.0
267,2011-01-12,1.0,0.0,1.0,13.0,False,3.0,Clear,0.22,0.197,0.44,0.3582,0.0,49.0,49.0
268,2011-01-12,1.0,0.0,1.0,14.0,False,3.0,Clear,0.2,0.1818,0.47,0.3284,0.0,44.0,44.0
269,2011-01-12,1.0,0.0,1.0,15.0,False,3.0,Clear,0.2,0.1667,0.47,0.4179,1.0,48.0,49.0
270,2011-01-12,1.0,0.0,1.0,16.0,False,3.0,Clear,0.22,0.197,0.44,0.3284,5.0,63.0,68.0
271,2011-01-12,1.0,0.0,1.0,17.0,False,3.0,Clear,0.2,0.1818,0.47,0.3582,0.0,139.0,139.0
272,2011-01-12,1.0,0.0,1.0,18.0,False,3.0,Clear,0.2,0.1515,0.47,0.5224,2.0,135.0,137.0
273,2011-01-12,1.0,0.0,1.0,19.0,False,3.0,Clear,0.18,0.1515,0.47,0.4179,1.0,82.0,83.0
274,2011-01-12,1.0,0.0,1.0,20.0,False,3.0,Clear,0.16,0.1364,0.5,0.3284,2.0,54.0,56.0
275,2011-01-12,1.0,0.0,1.0,21.0,False,3.0,Clear,0.16,0.1364,0.55,0.3284,0.0,57.0,57.0
276,2011-01-12,1.0,0.0,1.0,22.0,False,3.0,Clear,0.16,0.1212,0.55,0.4478,1.0,32.0,33.0
277,2011-01-12,1.0,0.0,1.0,23.0,False,3.0,Clear,0.14,0.1061,0.59,0.4179,1.0,19.0,20.0
278,2011-01-13,1.0,0.0,1.0,0.0,False,4.0,Clear,0.14,0.1212,0.59,0.2836,1.0,6.0,7.0
279,2011-01-13,1.0,0.0,1.0,1.0,False,4.0,Clear,0.14,0.1212,0.5,0.2836,0.0,2.0,2.0
280,2011-01-13,1.0,0.0,1.0,2.0,False,4.0,Clear,0.14,0.1212,0.5,0.3582,0.0,2.0,2.0
281,2011-01-13,1.0,0.0,1.0,3.0,False,4.0,Clear,0.14,0.1212,0.5,0.3284,0.0,3.0,3.0
282,2011-01-13,1.0,0.0,1.0,4.0,False,4.0,Clear,0.14,0.1212,0.5,0.2537,0.0,4.0,4.0
283,2011-01-13,1.0,0.0,1.0,5.0,False,4.0,Clear,0.14,0.1212,0.5,0.2985,0.0,3.0,3.0
284,2011-01-13,1.0,0.0,1.0,6.0,False,4.0,Clear,0.12,0.1515,0.54,0.1343,0.0,28.0,28.0
285,2011-01-13,1.0,0.0,1.0,7.0,False,4.0,Clear,0.12,0.1515,0.54,0.1343,0.0,72.0,72.0
286,2011-01-13,1.0,0.0,1.0,8.0,False,4.0,Clear,0.14,0.1364,0.5,0.194,5.0,197.0,202.0
287,2011-01-13,1.0,0.0,1.0,9.0,False,4.0,Clear,0.14,0.1212,0.5,0.3284,2.0,137.0,139.0
288,2011-01-13,1.0,0.0,1.0,10.0,False,4.0,Mist,0.16,0.1364,0.5,0.3582,2.0,36.0,38.0
289,2011-01-13,1.0,0.0,1.0,11.0,False,4.0,Mist,0.2,0.1667,0.44,0.4478,4.0,33.0,37.0
290,2011-01-13,1.0,0.0,1.0,12.0,False,4.0,Clear,0.2,0.1667,0.44,0.4179,3.0,49.0,52.0
291,2011-01-13,1.0,0.0,1.0,13.0,False,4.0,Clear,0.22,0.197,0.41,0.4478,2.0,81.0,83.0
292,2011-01-13,1.0,0.0,1.0,14.0,False,4.0,Clear,0.22,0.197,0.41,0.3881,3.0,39.0,42.0
293,2011-01-13,1.0,0.0,1.0,15.0,False,4.0,Clear,0.24,0.2121,0.38,0.2985,5.0,55.0,60.0
294,2011-01-13,1.0,0.0,1.0,16.0,False,4.0,Clear,0.24,0.2121,0.38,0.3582,2.0,76.0,78.0
295,2011-01-13,1.0,0.0,1.0,17.0,False,4.0,Clear,0.2,0.1818,0.4,0.2836,4.0,158.0,162.0
296,2011-01-13,1.0,0.0,1.0,18.0,False,4.0,Clear,0.2,0.1818,0.4,0.3284,3.0,141.0,144.0
297,2011-01-13,1.0,0.0,1.0,19.0,False,4.0,Clear,0.16,0.1515,0.47,0.2537,1.0,98.0,99.0
298,2011-01-13,1.0,0.0,1.0,20.0,False,4.0,Clear,0.16,0.1515,0.47,0.2239,0.0,64.0,64.0
299,2011-01-13,1.0,0.0,1.0,21.0,False,4.0,Clear,0.14,0.1212,0.46,0.2985,0.0,40.0,40.0
300,2011-01-13,1.0,0.0,1.0,22.0,False,4.0,Clear,0.14,0.1212,0.46,0.3284,0.0,30.0,30.0
301,2011-01-13,1.0,0.0,1.0,23.0,False,4.0,Clear,0.12,0.1364,0.5,0.194,1.0,14.0,15.0
302,2011-01-14,1.0,0.0,1.0,0.0,False,5.0,Clear,0.12,0.1364,0.5,0.194,0.0,14.0,14.0
303,2011-01-14,1.0,0.0,1.0,1.0,False,5.0,Clear,0.1,0.1212,0.54,0.1642,0.0,5.0,5.0
304,2011-01-14,1.0,0.0,1.0,2.0,False,5.0,Clear,0.1,0.1212,0.54,0.1343,0.0,1.0,1.0
305,2011-01-14,1.0,0.0,1.0,3.0,False,5.0,Clear,0.1,0.1364,0.54,0.1045,0.0,1.0,1.0
306,2011-01-14,1.0,0.0,1.0,5.0,False,5.0,Clear,0.1,0.1364,0.54,0.0896,0.0,8.0,8.0
307,2011-01-14,1.0,0.0,1.0,6.0,False,5.0,Clear,0.1,0.1818,0.54,0.0,0.0,17.0,17.0
308,2011-01-14,1.0,0.0,1.0,7.0,False,5.0,Clear,0.1,0.1212,0.74,0.1642,0.0,70.0,70.0
309,2011-01-14,1.0,0.0,1.0,8.0,False,5.0,Clear,0.12,0.1667,0.68,0.0,2.0,156.0,158.0
310,2011-01-14,1.0,0.0,1.0,9.0,False,5.0,Clear,0.14,0.1515,0.69,0.1343,0.0,117.0,117.0
311,2011-01-14,1.0,0.0,1.0,10.0,False,5.0,Clear,0.18,0.1818,0.55,0.194,4.0,40.0,44.0
312,2011-01-14,1.0,0.0,1.0,11.0,False,5.0,Clear,0.18,0.1667,0.51,0.2836,6.0,47.0,53.0
313,2011-01-14,1.0,0.0,1.0,12.0,False,5.0,Clear,0.2,0.197,0.44,0.2537,2.0,59.0,61.0
314,2011-01-14,1.0,0.0,1.0,13.0,False,5.0,Clear,0.22,0.197,0.37,0.3881,4.0,73.0,77.0
315,2011-01-14,1.0,0.0,1.0,14.0,False,5.0,Clear,0.22,0.2121,0.41,0.2836,5.0,59.0,64.0
316,2011-01-14,1.0,0.0,1.0,15.0,False,5.0,Clear,0.24,0.2424,0.38,0.1642,9.0,59.0,68.0
317,2011-01-14,1.0,0.0,1.0,16.0,False,5.0,Clear,0.22,0.2424,0.41,0.1045,3.0,87.0,90.0
318,2011-01-14,1.0,0.0,1.0,17.0,False,5.0,Clear,0.22,0.2273,0.41,0.1642,4.0,155.0,159.0
319,2011-01-14,1.0,0.0,1.0,18.0,False,5.0,Clear,0.2,0.2576,0.47,0.0,5.0,134.0,139.0
320,2011-01-14,1.0,0.0,1.0,19.0,False,5.0,Clear,0.16,0.197,0.59,0.0896,3.0,89.0,92.0
321,2011-01-14,1.0,0.0,1.0,20.0,False,5.0,Clear,0.18,0.2424,0.59,0.0,0.0,68.0,68.0
322,2011-01-14,1.0,0.0,1.0,21.0,False,5.0,Clear,0.16,0.2273,0.69,0.0,4.0,48.0,52.0
323,2011-01-14,1.0,0.0,1.0,22.0,False,5.0,Mist,0.16,0.2273,0.69,0.0,2.0,34.0,36.0
324,2011-01-14,1.0,0.0,1.0,23.0,False,5.0,Mist,0.18,0.2424,0.55,0.0,1.0,26.0,27.0
325,2011-01-15,1.0,0.0,1.0,0.0,False,6.0,Clear,0.18,0.2424,0.55,0.0,3.0,25.0,28.0
326,2011-01-15,1.0,0.0,1.0,1.0,False,6.0,Mist,0.16,0.197,0.59,0.0896,2.0,18.0,20.0
327,2011-01-15,1.0,0.0,1.0,2.0,False,6.0,Mist,0.16,0.197,0.59,0.0896,0.0,12.0,12.0
328,2011-01-15,1.0,0.0,1.0,3.0,False,6.0,Mist,0.16,0.2273,0.59,0.0,1.0,7.0,8.0
329,2011-01-15,1.0,0.0,1.0,4.0,False,6.0,Mist,0.16,0.2273,0.59,0.0,0.0,5.0,5.0
330,2011-01-15,1.0,0.0,1.0,5.0,False,6.0,Clear,0.16,0.2273,0.59,0.0,0.0,1.0,1.0
331,2011-01-15,1.0,0.0,1.0,6.0,False,6.0,Clear,0.14,0.1667,0.63,0.1045,1.0,2.0,3.0
332,2011-01-15,1.0,0.0,1.0,7.0,False,6.0,Clear,0.14,0.2121,0.63,0.0,1.0,9.0,10.0
333,2011-01-15,1.0,0.0,1.0,8.0,False,6.0,Clear,0.14,0.1515,0.63,0.1343,1.0,22.0,23.0
334,2011-01-15,1.0,0.0,1.0,9.0,False,6.0,Clear,0.16,0.1818,0.64,0.1343,2.0,31.0,33.0
335,2011-01-15,1.0,0.0,1.0,10.0,False,6.0,Clear,0.18,0.197,0.59,0.1642,2.0,57.0,59.0
336,2011-01-15,1.0,0.0,1.0,11.0,False,6.0,Clear,0.2,0.197,0.55,0.2239,18.0,54.0,72.0
337,2011-01-15,1.0,0.0,1.0,12.0,False,6.0,Clear,0.24,0.2273,0.48,0.2239,15.0,74.0,89.0
338,2011-01-15,1.0,0.0,1.0,13.0,False,6.0,Clear,0.28,0.2576,0.38,0.2985,21.0,80.0,101.0
339,2011-01-15,1.0,0.0,1.0,14.0,False,6.0,Clear,0.3,0.2879,0.39,0.2836,26.0,92.0,118.0
340,2011-01-15,1.0,0.0,1.0,15.0,False,6.0,Mist,0.32,0.3182,0.36,0.194,21.0,108.0,129.0
341,2011-01-15,1.0,0.0,1.0,16.0,False,6.0,Mist,0.34,0.3333,0.34,0.194,33.0,95.0,128.0
342,2011-01-15,1.0,0.0,1.0,17.0,False,6.0,Mist,0.32,0.303,0.36,0.2836,29.0,54.0,83.0
343,2011-01-15,1.0,0.0,1.0,18.0,False,6.0,Mist,0.3,0.2879,0.45,0.2537,15.0,69.0,84.0
344,2011-01-15,1.0,0.0,1.0,19.0,False,6.0,Mist,0.32,0.303,0.39,0.2537,14.0,60.0,74.0
345,2011-01-15,1.0,0.0,1.0,20.0,False,6.0,Mist,0.32,0.303,0.39,0.2537,6.0,35.0,41.0
346,2011-01-15,1.0,0.0,1.0,21.0,False,6.0,Mist,0.32,0.303,0.39,0.2239,6.0,51.0,57.0
347,2011-01-15,1.0,0.0,1.0,22.0,False,6.0,Mist,0.3,0.3182,0.42,0.1045,0.0,26.0,26.0
348,2011-01-15,1.0,0.0,1.0,23.0,False,6.0,Clear,0.3,0.2879,0.45,0.2836,5.0,39.0,44.0
349,2011-01-16,1.0,0.0,1.0,0.0,False,0.0,Clear,0.26,0.303,0.56,0.0,6.0,33.0,39.0
350,2011-01-16,1.0,0.0,1.0,1.0,False,0.0,Clear,0.26,0.2727,0.56,0.1343,4.0,19.0,23.0
351,2011-01-16,1.0,0.0,1.0,2.0,False,0.0,Clear,0.26,0.2879,0.56,0.0896,3.0,13.0,16.0
352,2011-01-16,1.0,0.0,1.0,3.0,False,0.0,Clear,0.22,0.2727,0.69,0.0,9.0,6.0,15.0
353,2011-01-16,1.0,0.0,1.0,4.0,False,0.0,Clear,0.26,0.2576,0.56,0.1642,0.0,1.0,1.0
354,2011-01-16,1.0,0.0,1.0,5.0,False,0.0,Mist,0.26,0.2576,0.56,0.1642,1.0,1.0,2.0
355,2011-01-16,1.0,0.0,1.0,6.0,False,0.0,Mist,0.26,0.2576,0.56,0.1642,0.0,1.0,1.0
356,2011-01-16,1.0,0.0,1.0,7.0,False,0.0,Mist,0.24,0.2121,0.56,0.2985,0.0,3.0,3.0
357,2011-01-16,1.0,0.0,1.0,8.0,False,0.0,Clear,0.22,0.2121,0.55,0.2836,0.0,18.0,18.0
358,2011-01-16,1.0,0.0,1.0,9.0,False,0.0,Clear,0.22,0.2121,0.51,0.2537,3.0,29.0,32.0
359,2011-01-16,1.0,0.0,1.0,10.0,False,0.0,Clear,0.22,0.2121,0.51,0.2836,8.0,71.0,79.0
360,2011-01-16,1.0,0.0,1.0,11.0,False,0.0,Clear,0.24,0.2273,0.44,0.2537,23.0,70.0,93.0
361,2011-01-16,1.0,0.0,1.0,12.0,False,0.0,Clear,0.24,0.2121,0.41,0.2836,29.0,75.0,104.0
362,2011-01-16,1.0,0.0,1.0,13.0,False,0.0,Clear,0.26,0.2273,0.35,0.2985,23.0,95.0,118.0
363,2011-01-16,1.0,0.0,1.0,14.0,False,0.0,Clear,0.28,0.2727,0.36,0.2537,22.0,69.0,91.0
364,2011-01-16,1.0,0.0,1.0,15.0,False,0.0,Clear,0.26,0.2424,0.38,0.2537,35.0,78.0,113.0
365,2011-01-16,1.0,0.0,1.0,16.0,False,0.0,Clear,0.24,0.2273,0.38,0.2239,22.0,77.0,99.0
366,2011-01-16,1.0,0.0,1.0,17.0,False,0.0,Clear,0.22,0.2121,0.37,0.2537,23.0,82.0,105.0
367,2011-01-16,1.0,0.0,1.0,18.0,False,0.0,Clear,0.2,0.2121,0.4,0.1642,11.0,56.0,67.0
368,2011-01-16,1.0,0.0,1.0,19.0,False,0.0,Clear,0.18,0.197,0.47,0.1343,14.0,47.0,61.0
369,2011-01-16,1.0,0.0,1.0,20.0,False,0.0,Clear,0.18,0.197,0.47,0.1642,7.0,50.0,57.0
370,2011-01-16,1.0,0.0,1.0,21.0,False,0.0,Clear,0.18,0.197,0.51,0.1642,6.0,22.0,28.0
371,2011-01-16,1.0,0.0,1.0,22.0,False,0.0,Mist,0.2,0.2121,0.49,0.1343,2.0,19.0,21.0
372,2011-01-16,1.0,0.0,1.0,23.0,False,0.0,Mist,0.2,0.2273,0.4,0.1045,0.0,18.0,18.0
373,2011-01-17,1.0,0.0,1.0,0.0,True,1.0,Mist,0.2,0.197,0.47,0.2239,1.0,16.0,17.0
374,2011-01-17,1.0,0.0,1.0,1.0,True,1.0,Mist,0.2,0.197,0.44,0.194,1.0,15.0,16.0
375,2011-01-17,1.0,0.0,1.0,2.0,True,1.0,Mist,0.18,0.1667,0.43,0.2537,0.0,8.0,8.0
376,2011-01-17,1.0,0.0,1.0,3.0,True,1.0,Mist,0.18,0.1818,0.43,0.194,0.0,2.0,2.0
377,2011-01-17,1.0,0.0,1.0,4.0,True,1.0,Mist,0.18,0.197,0.43,0.1343,1.0,2.0,3.0
378,2011-01-17,1.0,0.0,1.0,5.0,True,1.0,Mist,0.18,0.197,0.43,0.1642,0.0,1.0,1.0
379,2011-01-17,1.0,0.0,1.0,6.0,True,1.0,Mist,0.18,0.1818,0.43,0.194,0.0,5.0,5.0
380,2011-01-17,1.0,0.0,1.0,7.0,True,1.0,Mist,0.16,0.1818,0.5,0.1343,4.0,9.0,13.0
381,2011-01-17,1.0,0.0,1.0,8.0,True,1.0,Mist,0.16,0.1515,0.47,0.2239,3.0,30.0,33.0
382,2011-01-17,1.0,0.0,1.0,9.0,True,1.0,Mist,0.16,0.1515,0.47,0.2239,8.0,39.0,47.0
383,2011-01-17,1.0,0.0,1.0,10.0,True,1.0,Mist,0.16,0.1515,0.5,0.2537,7.0,50.0,57.0
384,2011-01-17,1.0,0.0,1.0,11.0,True,1.0,Mist,0.16,0.1515,0.55,0.194,9.0,55.0,64.0
385,2011-01-17,1.0,0.0,1.0,12.0,True,1.0,Mist,0.18,0.197,0.47,0.1343,10.0,70.0,80.0
386,2011-01-17,1.0,0.0,1.0,13.0,True,1.0,Mist,0.18,0.197,0.47,0.1343,13.0,80.0,93.0
387,2011-01-17,1.0,0.0,1.0,14.0,True,1.0,Mist,0.18,0.2121,0.43,0.1045,12.0,74.0,86.0
388,2011-01-17,1.0,0.0,1.0,15.0,True,1.0,Mist,0.2,0.2121,0.47,0.1642,21.0,72.0,93.0
389,2011-01-17,1.0,0.0,1.0,16.0,True,1.0,Mist,0.2,0.2121,0.47,0.1642,6.0,76.0,82.0
390,2011-01-17,1.0,0.0,1.0,17.0,True,1.0,Clear,0.2,0.197,0.51,0.194,4.0,67.0,71.0
391,2011-01-17,1.0,0.0,1.0,18.0,True,1.0,Mist,0.18,0.1667,0.55,0.2537,7.0,85.0,92.0
392,2011-01-17,1.0,0.0,1.0,19.0,True,1.0,Light Snow,0.18,0.1818,0.59,0.194,2.0,58.0,60.0
393,2011-01-17,1.0,0.0,1.0,20.0,True,1.0,Light Snow,0.16,0.1515,0.8,0.194,4.0,29.0,33.0
394,2011-01-17,1.0,0.0,1.0,21.0,True,1.0,Light Snow,0.16,0.1515,0.8,0.194,3.0,24.0,27.0
395,2011-01-17,1.0,0.0,1.0,22.0,True,1.0,Light Snow,0.14,0.1212,0.93,0.2537,0.0,13.0,13.0
396,2011-01-17,1.0,0.0,1.0,23.0,True,1.0,Light Snow,0.16,0.1364,0.86,0.2836,1.0,3.0,4.0
397,2011-01-18,1.0,0.0,1.0,12.0,False,2.0,Mist,0.2,0.1818,0.86,0.3284,0.0,3.0,3.0
398,2011-01-18,1.0,0.0,1.0,13.0,False,2.0,Mist,0.2,0.197,0.86,0.2239,0.0,22.0,22.0
399,2011-01-18,1.0,0.0,1.0,14.0,False,2.0,Mist,0.22,0.2273,0.8,0.1642,2.0,26.0,28.0
400,2011-01-18,1.0,0.0,1.0,15.0,False,2.0,Mist,0.22,0.2273,0.87,0.1642,3.0,32.0,35.0
401,2011-01-18,1.0,0.0,1.0,16.0,False,2.0,Mist,0.22,0.2273,0.87,0.194,0.0,61.0,61.0
402,2011-01-18,1.0,0.0,1.0,17.0,False,2.0,Mist,0.22,0.2273,0.82,0.194,1.0,124.0,125.0
403,2011-01-18,1.0,0.0,1.0,18.0,False,2.0,Mist,0.22,0.2273,0.8,0.1642,1.0,132.0,133.0
404,2011-01-18,1.0,0.0,1.0,19.0,False,2.0,Mist,0.22,0.2273,0.8,0.1343,1.0,98.0,99.0
405,2011-01-18,1.0,0.0,1.0,20.0,False,2.0,Mist,0.22,0.2727,0.87,0.0,0.0,83.0,83.0
406,2011-01-18,1.0,0.0,1.0,21.0,False,2.0,Mist,0.22,0.2424,0.93,0.1045,0.0,41.0,41.0
407,2011-01-18,1.0,0.0,1.0,22.0,False,2.0,Mist,0.22,0.2576,0.93,0.0896,0.0,33.0,33.0
408,2011-01-18,1.0,0.0,1.0,23.0,False,2.0,Mist,0.22,0.2727,0.93,0.0,1.0,19.0,20.0
409,2011-01-19,1.0,0.0,1.0,0.0,False,3.0,Mist,0.22,0.2727,0.93,0.0,0.0,3.0,3.0
410,2011-01-19,1.0,0.0,1.0,1.0,False,3.0,Light Snow,0.22,0.2273,0.93,0.1343,1.0,6.0,7.0
411,2011-01-19,1.0,0.0,1.0,2.0,False,3.0,Light Snow,0.22,0.2273,0.93,0.1343,0.0,3.0,3.0
412,2011-01-19,1.0,0.0,1.0,4.0,False,3.0,Light Snow,0.22,0.2273,0.93,0.1343,1.0,1.0,2.0
413,2011-01-19,1.0,0.0,1.0,5.0,False,3.0,Mist,0.22,0.2576,0.93,0.0896,0.0,7.0,7.0
414,2011-01-19,1.0,0.0,1.0,6.0,False,3.0,Mist,0.22,0.2576,0.93,0.0896,0.0,32.0,32.0
415,2011-01-19,1.0,0.0,1.0,7.0,False,3.0,Mist,0.24,0.2576,0.92,0.1045,1.0,89.0,90.0
416,2011-01-19,1.0,0.0,1.0,8.0,False,3.0,Mist,0.24,0.2576,0.93,0.1045,1.0,196.0,197.0
417,2011-01-19,1.0,0.0,1.0,9.0,False,3.0,Mist,0.24,0.2576,0.93,0.1045,2.0,107.0,109.0
418,2011-01-19,1.0,0.0,1.0,10.0,False,3.0,Mist,0.26,0.2727,0.93,0.1343,1.0,46.0,47.0
419,2011-01-19,1.0,0.0,1.0,11.0,False,3.0,Mist,0.28,0.303,0.87,0.0896,5.0,47.0,52.0
420,2011-01-19,1.0,0.0,1.0,12.0,False,3.0,Mist,0.3,0.3182,0.81,0.0896,5.0,65.0,70.0
421,2011-01-19,1.0,0.0,1.0,13.0,False,3.0,Clear,0.4,0.4091,0.62,0.2836,11.0,67.0,78.0
422,2011-01-19,1.0,0.0,1.0,14.0,False,3.0,Clear,0.4,0.4091,0.58,0.2537,7.0,68.0,75.0
423,2011-01-19,1.0,0.0,1.0,15.0,False,3.0,Clear,0.4,0.4091,0.54,0.2836,4.0,78.0,82.0
424,2011-01-19,1.0,0.0,1.0,16.0,False,3.0,Clear,0.38,0.3939,0.58,0.3881,10.0,94.0,104.0
425,2011-01-19,1.0,0.0,1.0,17.0,False,3.0,Clear,0.36,0.3333,0.57,0.3284,7.0,190.0,197.0
426,2011-01-19,1.0,0.0,1.0,18.0,False,3.0,Clear,0.34,0.3182,0.61,0.2836,5.0,156.0,161.0
427,2011-01-19,1.0,0.0,1.0,19.0,False,3.0,Clear,0.32,0.2879,0.57,0.4179,4.0,108.0,112.0
428,2011-01-19,1.0,0.0,1.0,20.0,False,3.0,Clear,0.32,0.303,0.49,0.2985,2.0,74.0,76.0
429,2011-01-19,1.0,0.0,1.0,21.0,False,3.0,Clear,0.32,0.2879,0.49,0.4179,4.0,55.0,59.0
430,2011-01-19,1.0,0.0,1.0,22.0,False,3.0,Clear,0.3,0.303,0.52,0.1642,6.0,53.0,59.0
431,2011-01-19,1.0,0.0,1.0,23.0,False,3.0,Clear,0.3,0.2727,0.52,0.4627,1.0,27.0,28.0
432,2011-01-20,1.0,0.0,1.0,0.0,False,4.0,Clear,0.26,0.2273,0.56,0.3881,5.0,8.0,13.0
433,2011-01-20,1.0,0.0,1.0,1.0,False,4.0,Clear,0.26,0.2727,0.56,0.0,2.0,3.0,5.0
434,2011-01-20,1.0,0.0,1.0,2.0,False,4.0,Clear,0.26,0.2727,0.56,0.0,0.0,2.0,2.0
435,2011-01-20,1.0,0.0,1.0,3.0,False,4.0,Clear,0.26,0.2576,0.56,0.1642,0.0,1.0,1.0
436,2011-01-20,1.0,0.0,1.0,4.0,False,4.0,Clear,0.26,0.2576,0.56,0.1642,0.0,1.0,1.0
437,2011-01-20,1.0,0.0,1.0,5.0,False,4.0,Clear,0.24,0.2273,0.6,0.2239,0.0,6.0,6.0
438,2011-01-20,1.0,0.0,1.0,6.0,False,4.0,Clear,0.22,0.2121,0.6,0.2239,0.0,35.0,35.0
439,2011-01-20,1.0,0.0,1.0,7.0,False,4.0,Clear,0.22,0.2121,0.55,0.2239,1.0,100.0,101.0
440,2011-01-20,1.0,0.0,1.0,8.0,False,4.0,Clear,0.22,0.2121,0.55,0.2836,2.0,247.0,249.0
441,2011-01-20,1.0,0.0,1.0,9.0,False,4.0,Mist,0.24,0.2273,0.52,0.2239,3.0,140.0,143.0
442,2011-01-20,1.0,0.0,1.0,10.0,False,4.0,Clear,0.26,0.2273,0.48,0.2985,1.0,56.0,57.0
443,2011-01-20,1.0,0.0,1.0,11.0,False,4.0,Mist,0.28,0.2727,0.45,0.1642,5.0,63.0,68.0
444,2011-01-20,1.0,0.0,1.0,12.0,False,4.0,Mist,0.3,0.3333,0.42,0.0,7.0,77.0,84.0
445,2011-01-20,1.0,0.0,1.0,13.0,False,4.0,Mist,0.28,0.2879,0.45,0.1045,12.0,86.0,98.0
446,2011-01-20,1.0,0.0,1.0,14.0,False,4.0,Mist,0.3,0.303,0.45,0.1343,6.0,75.0,81.0
447,2011-01-20,1.0,0.0,1.0,15.0,False,4.0,Mist,0.32,0.3182,0.45,0.194,8.0,62.0,70.0
448,2011-01-20,1.0,0.0,1.0,16.0,False,4.0,Mist,0.3,0.303,0.49,0.1343,8.0,83.0,91.0
449,2011-01-20,1.0,0.0,1.0,17.0,False,4.0,Mist,0.3,0.3182,0.49,0.1045,8.0,207.0,215.0
450,2011-01-20,1.0,0.0,1.0,18.0,False,4.0,Mist,0.26,0.2576,0.56,0.194,1.0,184.0,185.0
451,2011-01-20,1.0,0.0,1.0,19.0,False,4.0,Clear,0.26,0.2273,0.56,0.3284,6.0,146.0,152.0
452,2011-01-20,1.0,0.0,1.0,20.0,False,4.0,Mist,0.26,0.2424,0.6,0.2836,2.0,124.0,126.0
453,2011-01-20,1.0,0.0,1.0,21.0,False,4.0,Mist,0.24,0.2273,0.6,0.2537,3.0,54.0,57.0
454,2011-01-20,1.0,0.0,1.0,22.0,False,4.0,Mist,0.24,0.2121,0.65,0.2836,0.0,56.0,56.0
455,2011-01-20,1.0,0.0,1.0,23.0,False,4.0,Mist,0.24,0.2121,0.65,0.3284,3.0,28.0,31.0
456,2011-01-21,1.0,0.0,1.0,0.0,False,5.0,Mist,0.24,0.2273,0.7,0.2537,1.0,20.0,21.0
457,2011-01-21,1.0,0.0,1.0,1.0,False,5.0,Mist,0.24,0.2273,0.7,0.2537,0.0,6.0,6.0
458,2011-01-21,1.0,0.0,1.0,2.0,False,5.0,Light Snow,0.24,0.2424,0.75,0.1642,0.0,2.0,2.0
459,2011-01-21,1.0,0.0,1.0,3.0,False,5.0,Light Snow,0.22,0.2121,0.8,0.2985,0.0,1.0,1.0
460,2011-01-21,1.0,0.0,1.0,4.0,False,5.0,Mist,0.22,0.2576,0.87,0.0896,0.0,1.0,1.0
461,2011-01-21,1.0,0.0,1.0,5.0,False,5.0,Clear,0.24,0.197,0.6,0.4179,1.0,4.0,5.0
462,2011-01-21,1.0,0.0,1.0,6.0,False,5.0,Clear,0.22,0.2121,0.55,0.2537,0.0,27.0,27.0
463,2011-01-21,1.0,0.0,1.0,7.0,False,5.0,Clear,0.2,0.1818,0.51,0.2836,2.0,66.0,68.0
464,2011-01-21,1.0,0.0,1.0,8.0,False,5.0,Clear,0.2,0.1818,0.47,0.3284,7.0,210.0,217.0
465,2011-01-21,1.0,0.0,1.0,9.0,False,5.0,Clear,0.2,0.1818,0.51,0.3582,7.0,159.0,166.0
466,2011-01-21,1.0,0.0,1.0,10.0,False,5.0,Clear,0.2,0.1667,0.47,0.4627,6.0,57.0,63.0
467,2011-01-21,1.0,0.0,1.0,11.0,False,5.0,Clear,0.22,0.1818,0.41,0.4627,6.0,53.0,59.0
468,2011-01-21,1.0,0.0,1.0,12.0,False,5.0,Clear,0.22,0.1818,0.27,0.5821,11.0,67.0,78.0
469,2011-01-21,1.0,0.0,1.0,13.0,False,5.0,Clear,0.2,0.1515,0.21,0.5821,8.0,65.0,73.0
470,2011-01-21,1.0,0.0,1.0,14.0,False,5.0,Clear,0.2,0.1515,0.25,0.5224,6.0,56.0,62.0
471,2011-01-21,1.0,0.0,1.0,15.0,False,5.0,Clear,0.16,0.1212,0.26,0.4478,4.0,61.0,65.0
472,2011-01-21,1.0,0.0,1.0,16.0,False,5.0,Clear,0.16,0.1364,0.26,0.3582,0.0,97.0,97.0
473,2011-01-21,1.0,0.0,1.0,17.0,False,5.0,Clear,0.14,0.1212,0.28,0.3582,10.0,151.0,161.0
474,2011-01-21,1.0,0.0,1.0,18.0,False,5.0,Clear,0.12,0.1212,0.3,0.2537,1.0,119.0,120.0
475,2011-01-21,1.0,0.0,1.0,19.0,False,5.0,Clear,0.12,0.1061,0.3,0.3284,3.0,93.0,96.0
476,2011-01-21,1.0,0.0,1.0,20.0,False,5.0,Clear,0.1,0.0758,0.33,0.4179,1.0,52.0,53.0
477,2011-01-21,1.0,0.0,1.0,21.0,False,5.0,Clear,0.08,0.0758,0.38,0.2836,0.0,41.0,41.0
478,2011-01-21,1.0,0.0,1.0,22.0,False,5.0,Clear,0.06,0.0303,0.41,0.3881,1.0,33.0,34.0
479,2011-01-21,1.0,0.0,1.0,23.0,False,5.0,Clear,0.06,0.0455,0.38,0.3284,0.0,27.0,27.0
480,2011-01-22,1.0,0.0,1.0,0.0,False,6.0,Clear,0.04,0.0303,0.45,0.2537,0.0,13.0,13.0
481,2011-01-22,1.0,0.0,1.0,1.0,False,6.0,Mist,0.04,0.0,0.41,0.3881,3.0,9.0,12.0
482,2011-01-22,1.0,0.0,1.0,2.0,False,6.0,Mist,0.04,0.0303,0.41,0.2537,0.0,11.0,11.0
483,2011-01-22,1.0,0.0,1.0,3.0,False,6.0,Mist,0.04,0.0303,0.41,0.2836,1.0,6.0,7.0
484,2011-01-22,1.0,0.0,1.0,4.0,False,6.0,Mist,0.02,0.0152,0.48,0.2985,0.0,3.0,3.0
485,2011-01-22,1.0,0.0,1.0,6.0,False,6.0,Mist,0.02,0.0303,0.44,0.2239,0.0,2.0,2.0
486,2011-01-22,1.0,0.0,1.0,7.0,False,6.0,Clear,0.02,0.0152,0.44,0.2836,0.0,8.0,8.0
487,2011-01-22,1.0,0.0,1.0,8.0,False,6.0,Clear,0.02,0.0,0.44,0.3284,1.0,26.0,27.0
488,2011-01-22,1.0,0.0,1.0,9.0,False,6.0,Clear,0.04,0.0303,0.41,0.2537,3.0,37.0,40.0
489,2011-01-22,1.0,0.0,1.0,10.0,False,6.0,Mist,0.04,0.0606,0.41,0.1642,3.0,50.0,53.0
490,2011-01-22,1.0,0.0,1.0,11.0,False,6.0,Mist,0.06,0.0758,0.38,0.1343,4.0,59.0,63.0
491,2011-01-22,1.0,0.0,1.0,12.0,False,6.0,Mist,0.06,0.1061,0.38,0.1045,10.0,60.0,70.0
492,2011-01-22,1.0,0.0,1.0,13.0,False,6.0,Clear,0.08,0.1667,0.35,0.0,12.0,72.0,84.0
493,2011-01-22,1.0,0.0,1.0,14.0,False,6.0,Clear,0.1,0.1364,0.33,0.1045,11.0,64.0,75.0
494,2011-01-22,1.0,0.0,1.0,15.0,False,6.0,Clear,0.12,0.1515,0.28,0.0,10.0,93.0,103.0
495,2011-01-22,1.0,0.0,1.0,16.0,False,6.0,Clear,0.12,0.1364,0.28,0.194,11.0,72.0,83.0
496,2011-01-22,1.0,0.0,1.0,17.0,False,6.0,Clear,0.12,0.197,0.28,0.0,8.0,59.0,67.0
497,2011-01-22,1.0,0.0,1.0,18.0,False,6.0,Clear,0.08,0.0909,0.35,0.194,0.0,54.0,54.0
498,2011-01-22,1.0,0.0,1.0,19.0,False,6.0,Clear,0.08,0.1061,0.35,0.1343,6.0,53.0,59.0
499,2011-01-22,1.0,0.0,1.0,20.0,False,6.0,Clear,0.06,0.0758,0.45,0.1642,1.0,44.0,45.0
500,2011-01-22,1.0,0.0,1.0,21.0,False,6.0,Clear,0.06,0.1061,0.41,0.0896,0.0,39.0,39.0
501,2011-01-22,1.0,0.0,1.0,22.0,False,6.0,Clear,0.06,0.1515,0.49,0.0,7.0,23.0,30.0
502,2011-01-22,1.0,0.0,1.0,23.0,False,6.0,Clear,0.04,0.0758,0.57,0.1045,2.0,31.0,33.0
503,2011-01-23,1.0,0.0,1.0,0.0,False,0.0,Clear,0.04,0.0758,0.57,0.1045,2.0,20.0,22.0
504,2011-01-23,1.0,0.0,1.0,1.0,False,0.0,Clear,0.04,0.0758,0.57,0.1045,1.0,12.0,13.0
505,2011-01-23,1.0,0.0,1.0,2.0,False,0.0,Clear,0.02,0.0606,0.62,0.1343,3.0,15.0,18.0
506,2011-01-23,1.0,0.0,1.0,3.0,False,0.0,Clear,0.02,0.0606,0.62,0.1343,1.0,4.0,5.0
507,2011-01-23,1.0,0.0,1.0,5.0,False,0.0,Mist,0.04,0.0758,0.57,0.1045,0.0,3.0,3.0
508,2011-01-23,1.0,0.0,1.0,6.0,False,0.0,Mist,0.04,0.0758,0.57,0.1045,0.0,1.0,1.0
509,2011-01-23,1.0,0.0,1.0,7.0,False,0.0,Clear,0.08,0.1061,0.58,0.1642,1.0,1.0,2.0
510,2011-01-23,1.0,0.0,1.0,8.0,False,0.0,Clear,0.06,0.0758,0.62,0.1642,2.0,17.0,19.0
511,2011-01-23,1.0,0.0,1.0,9.0,False,0.0,Clear,0.1,0.0758,0.54,0.3582,3.0,25.0,28.0
512,2011-01-23,1.0,0.0,1.0,10.0,False,0.0,Clear,0.14,0.1061,0.46,0.3881,7.0,51.0,58.0
513,2011-01-23,1.0,0.0,1.0,11.0,False,0.0,Clear,0.14,0.1364,0.43,0.2239,22.0,77.0,99.0
514,2011-01-23,1.0,0.0,1.0,12.0,False,0.0,Clear,0.16,0.1212,0.37,0.4627,24.0,92.0,116.0
515,2011-01-23,1.0,0.0,1.0,13.0,False,0.0,Clear,0.14,0.1061,0.33,0.3881,12.0,75.0,87.0
516,2011-01-23,1.0,0.0,1.0,14.0,False,0.0,Clear,0.16,0.1364,0.28,0.3582,17.0,93.0,110.0
517,2011-01-23,1.0,0.0,1.0,15.0,False,0.0,Clear,0.16,0.1364,0.28,0.3582,13.0,64.0,77.0
518,2011-01-23,1.0,0.0,1.0,16.0,False,0.0,Clear,0.16,0.1364,0.26,0.3284,9.0,56.0,65.0
519,2011-01-23,1.0,0.0,1.0,17.0,False,0.0,Clear,0.14,0.1061,0.26,0.3881,5.0,50.0,55.0
520,2011-01-23,1.0,0.0,1.0,18.0,False,0.0,Clear,0.12,0.1212,0.3,0.2537,5.0,44.0,49.0
521,2011-01-23,1.0,0.0,1.0,19.0,False,0.0,Clear,0.12,0.1212,0.3,0.2836,5.0,45.0,50.0
522,2011-01-23,1.0,0.0,1.0,20.0,False,0.0,Clear,0.1,0.1061,0.36,0.2537,4.0,31.0,35.0
523,2011-01-23,1.0,0.0,1.0,21.0,False,0.0,Clear,0.1,0.1061,0.36,0.194,5.0,20.0,25.0
524,2011-01-23,1.0,0.0,1.0,22.0,False,0.0,Clear,0.08,0.0909,0.38,0.194,5.0,23.0,28.0
525,2011-01-23,1.0,0.0,1.0,23.0,False,0.0,Clear,0.06,0.0606,0.41,0.2239,4.0,17.0,21.0
526,2011-01-24,1.0,0.0,1.0,0.0,False,1.0,Clear,0.06,0.0606,0.41,0.194,0.0,7.0,7.0
527,2011-01-24,1.0,0.0,1.0,1.0,False,1.0,Clear,0.04,0.0455,0.45,0.194,0.0,1.0,1.0
528,2011-01-24,1.0,0.0,1.0,3.0,False,1.0,Clear,0.04,0.0303,0.45,0.2537,0.0,1.0,1.0
529,2011-01-24,1.0,0.0,1.0,4.0,False,1.0,Clear,0.02,0.0606,0.48,0.1343,0.0,1.0,1.0
530,2011-01-24,1.0,0.0,1.0,5.0,False,1.0,Clear,0.02,0.0606,0.48,0.1343,0.0,5.0,5.0
531,2011-01-24,1.0,0.0,1.0,6.0,False,1.0,Clear,0.02,0.0758,0.48,0.0896,0.0,15.0,15.0
532,2011-01-24,1.0,0.0,1.0,7.0,False,1.0,Clear,0.02,0.1212,0.48,0.0,5.0,79.0,84.0
533,2011-01-24,1.0,0.0,1.0,8.0,False,1.0,Clear,0.04,0.1364,0.49,0.0,6.0,171.0,177.0
534,2011-01-24,1.0,0.0,1.0,9.0,False,1.0,Clear,0.06,0.1515,0.41,0.0,4.0,98.0,102.0
535,2011-01-24,1.0,0.0,1.0,10.0,False,1.0,Clear,0.1,0.1364,0.42,0.0,6.0,34.0,40.0
536,2011-01-24,1.0,0.0,1.0,11.0,False,1.0,Clear,0.1,0.1212,0.46,0.1343,3.0,43.0,46.0
537,2011-01-24,1.0,0.0,1.0,12.0,False,1.0,Mist,0.12,0.1364,0.42,0.194,11.0,52.0,63.0
538,2011-01-24,1.0,0.0,1.0,13.0,False,1.0,Mist,0.14,0.1364,0.43,0.2239,6.0,54.0,60.0
539,2011-01-24,1.0,0.0,1.0,14.0,False,1.0,Mist,0.14,0.1364,0.46,0.2239,2.0,43.0,45.0
540,2011-01-24,1.0,0.0,1.0,15.0,False,1.0,Clear,0.16,0.1667,0.4,0.1642,7.0,50.0,57.0
541,2011-01-24,1.0,0.0,1.0,16.0,False,1.0,Clear,0.16,0.1515,0.47,0.2537,4.0,66.0,70.0
542,2011-01-24,1.0,0.0,1.0,17.0,False,1.0,Clear,0.14,0.1212,0.5,0.2537,6.0,178.0,184.0
543,2011-01-24,1.0,0.0,1.0,18.0,False,1.0,Clear,0.14,0.1364,0.59,0.194,8.0,145.0,153.0
544,2011-01-24,1.0,0.0,1.0,19.0,False,1.0,Clear,0.14,0.1515,0.54,0.1642,5.0,101.0,106.0
545,2011-01-24,1.0,0.0,1.0,20.0,False,1.0,Clear,0.14,0.1364,0.59,0.194,1.0,80.0,81.0
546,2011-01-24,1.0,0.0,1.0,21.0,False,1.0,Clear,0.14,0.1515,0.63,0.1642,6.0,53.0,59.0
547,2011-01-24,1.0,0.0,1.0,22.0,False,1.0,Mist,0.14,0.1364,0.63,0.2239,3.0,32.0,35.0
548,2011-01-24,1.0,0.0,1.0,23.0,False,1.0,Mist,0.16,0.1515,0.64,0.2537,3.0,21.0,24.0
549,2011-01-25,1.0,0.0,1.0,0.0,False,2.0,Mist,0.16,0.1364,0.69,0.2836,3.0,6.0,9.0
550,2011-01-25,1.0,0.0,1.0,1.0,False,2.0,Mist,0.16,0.1667,0.69,0.1642,0.0,5.0,5.0
551,2011-01-25,1.0,0.0,1.0,2.0,False,2.0,Clear,0.16,0.1515,0.69,0.2239,0.0,2.0,2.0
552,2011-01-25,1.0,0.0,1.0,4.0,False,2.0,Clear,0.14,0.1667,0.74,0.1045,0.0,1.0,1.0
553,2011-01-25,1.0,0.0,1.0,5.0,False,2.0,Clear,0.14,0.1364,0.74,0.2239,0.0,9.0,9.0
554,2011-01-25,1.0,0.0,1.0,6.0,False,2.0,Clear,0.16,0.1818,0.74,0.1045,1.0,35.0,36.0
555,2011-01-25,1.0,0.0,1.0,7.0,False,2.0,Clear,0.16,0.1515,0.74,0.2239,5.0,103.0,108.0
556,2011-01-25,1.0,0.0,1.0,8.0,False,2.0,Mist,0.16,0.1818,0.74,0.1343,5.0,233.0,238.0
557,2011-01-25,1.0,0.0,1.0,9.0,False,2.0,Mist,0.2,0.2273,0.64,0.0896,10.0,134.0,144.0
558,2011-01-25,1.0,0.0,1.0,10.0,False,2.0,Mist,0.22,0.2424,0.6,0.1045,6.0,49.0,55.0
559,2011-01-25,1.0,0.0,1.0,11.0,False,2.0,Mist,0.24,0.2424,0.6,0.1343,6.0,55.0,61.0
560,2011-01-25,1.0,0.0,1.0,12.0,False,2.0,Mist,0.26,0.2879,0.56,0.0896,21.0,85.0,106.0
561,2011-01-25,1.0,0.0,1.0,13.0,False,2.0,Mist,0.26,0.2727,0.56,0.1343,21.0,72.0,93.0
562,2011-01-25,1.0,0.0,1.0,14.0,False,2.0,Mist,0.3,0.3333,0.45,0.0,11.0,57.0,68.0
563,2011-01-25,1.0,0.0,1.0,15.0,False,2.0,Mist,0.32,0.3485,0.42,0.0,21.0,63.0,84.0
564,2011-01-25,1.0,0.0,1.0,16.0,False,2.0,Mist,0.32,0.3485,0.42,0.0,14.0,102.0,116.0
565,2011-01-25,1.0,0.0,1.0,17.0,False,2.0,Clear,0.3,0.3333,0.45,0.0,14.0,208.0,222.0
566,2011-01-25,1.0,0.0,1.0,18.0,False,2.0,Mist,0.3,0.3182,0.49,0.0896,7.0,218.0,225.0
567,2011-01-25,1.0,0.0,1.0,19.0,False,2.0,Mist,0.26,0.2576,0.65,0.1642,13.0,133.0,146.0
568,2011-01-25,1.0,0.0,1.0,20.0,False,2.0,Clear,0.24,0.2273,0.65,0.194,16.0,103.0,119.0
569,2011-01-25,1.0,0.0,1.0,21.0,False,2.0,Clear,0.24,0.2273,0.65,0.194,5.0,40.0,45.0
570,2011-01-25,1.0,0.0,1.0,22.0,False,2.0,Clear,0.22,0.2273,0.64,0.1642,4.0,49.0,53.0
571,2011-01-25,1.0,0.0,1.0,23.0,False,2.0,Mist,0.22,0.2273,0.64,0.1642,3.0,37.0,40.0
572,2011-01-26,1.0,0.0,1.0,0.0,False,3.0,Mist,0.22,0.2273,0.69,0.1343,3.0,14.0,17.0
573,2011-01-26,1.0,0.0,1.0,1.0,False,3.0,Mist,0.24,0.2424,0.65,0.1343,0.0,5.0,5.0
574,2011-01-26,1.0,0.0,1.0,2.0,False,3.0,Light Snow,0.22,0.2273,0.69,0.194,3.0,7.0,10.0
575,2011-01-26,1.0,0.0,1.0,5.0,False,3.0,Light Snow,0.2,0.1818,0.86,0.2836,0.0,1.0,1.0
576,2011-01-26,1.0,0.0,1.0,6.0,False,3.0,Light Snow,0.2,0.1818,0.86,0.2836,0.0,8.0,8.0
577,2011-01-26,1.0,0.0,1.0,7.0,False,3.0,Light Snow,0.22,0.2121,0.87,0.2985,1.0,29.0,30.0
578,2011-01-26,1.0,0.0,1.0,8.0,False,3.0,Light Snow,0.22,0.2121,0.87,0.2985,3.0,69.0,72.0
579,2011-01-26,1.0,0.0,1.0,9.0,False,3.0,Light Snow,0.22,0.2121,0.87,0.2985,3.0,55.0,58.0
580,2011-01-26,1.0,0.0,1.0,10.0,False,3.0,Light Snow,0.22,0.2121,0.93,0.2836,2.0,26.0,28.0
581,2011-01-26,1.0,0.0,1.0,11.0,False,3.0,Light Snow,0.22,0.197,0.93,0.3284,6.0,35.0,41.0
582,2011-01-26,1.0,0.0,1.0,12.0,False,3.0,Light Snow,0.22,0.197,0.93,0.3284,7.0,41.0,48.0
583,2011-01-26,1.0,0.0,1.0,13.0,False,3.0,Light Snow,0.22,0.197,0.93,0.3284,4.0,43.0,47.0
584,2011-01-26,1.0,0.0,1.0,14.0,False,3.0,Light Snow,0.22,0.197,0.93,0.3582,0.0,36.0,36.0
585,2011-01-26,1.0,0.0,1.0,15.0,False,3.0,Light Snow,0.22,0.1818,0.93,0.4627,1.0,42.0,43.0
586,2011-01-26,1.0,0.0,1.0,16.0,False,3.0,Heavy Rain,0.22,0.197,0.93,0.3284,1.0,35.0,36.0
587,2011-01-26,1.0,0.0,1.0,17.0,False,3.0,Light Snow,0.2,0.1818,0.93,0.3582,0.0,26.0,26.0
588,2011-01-27,1.0,0.0,1.0,16.0,False,4.0,Clear,0.22,0.2273,0.55,0.194,1.0,23.0,24.0
589,2011-01-27,1.0,0.0,1.0,17.0,False,4.0,Clear,0.22,0.2424,0.55,0.1045,2.0,82.0,84.0
590,2011-01-27,1.0,0.0,1.0,18.0,False,4.0,Clear,0.2,0.2273,0.69,0.0896,3.0,101.0,104.0
591,2011-01-27,1.0,0.0,1.0,19.0,False,4.0,Clear,0.2,0.2273,0.69,0.0896,3.0,76.0,79.0
592,2011-01-27,1.0,0.0,1.0,20.0,False,4.0,Clear,0.18,0.2121,0.74,0.0896,4.0,55.0,59.0
593,2011-01-27,1.0,0.0,1.0,21.0,False,4.0,Clear,0.18,0.2121,0.74,0.0896,2.0,36.0,38.0
594,2011-01-27,1.0,0.0,1.0,22.0,False,4.0,Clear,0.18,0.2121,0.74,0.0896,0.0,27.0,27.0
595,2011-01-27,1.0,0.0,1.0,23.0,False,4.0,Clear,0.18,0.197,0.8,0.1642,0.0,16.0,16.0
596,2011-01-28,1.0,0.0,1.0,0.0,False,5.0,Mist,0.2,0.2121,0.75,0.1343,0.0,9.0,9.0
597,2011-01-28,1.0,0.0,1.0,1.0,False,5.0,Mist,0.2,0.2121,0.75,0.1343,1.0,2.0,3.0
598,2011-01-28,1.0,0.0,1.0,2.0,False,5.0,Mist,0.2,0.2121,0.75,0.1642,0.0,2.0,2.0
599,2011-01-28,1.0,0.0,1.0,3.0,False,5.0,Mist,0.2,0.2273,0.75,0.1045,1.0,0.0,1.0
600,2011-01-28,1.0,0.0,1.0,5.0,False,5.0,Mist,0.18,0.2121,0.8,0.1045,0.0,4.0,4.0
601,2011-01-28,1.0,0.0,1.0,6.0,False,5.0,Mist,0.18,0.197,0.8,0.1343,0.0,16.0,16.0
602,2011-01-28,1.0,0.0,1.0,7.0,False,5.0,Mist,0.16,0.197,0.86,0.0896,2.0,58.0,60.0
603,2011-01-28,1.0,0.0,1.0,8.0,False,5.0,Mist,0.16,0.197,0.86,0.0896,2.0,155.0,157.0
604,2011-01-28,1.0,0.0,1.0,9.0,False,5.0,Light Snow,0.18,0.2121,0.86,0.0896,6.0,95.0,101.0
605,2011-01-28,1.0,0.0,1.0,10.0,False,5.0,Light Snow,0.18,0.2121,0.86,0.1045,0.0,49.0,49.0
606,2011-01-28,1.0,0.0,1.0,11.0,False,5.0,Light Snow,0.18,0.2121,0.93,0.1045,0.0,30.0,30.0
607,2011-01-28,1.0,0.0,1.0,12.0,False,5.0,Light Snow,0.18,0.2121,0.93,0.1045,1.0,28.0,29.0
608,2011-01-28,1.0,0.0,1.0,13.0,False,5.0,Light Snow,0.18,0.2121,0.93,0.1045,0.0,31.0,31.0
609,2011-01-28,1.0,0.0,1.0,14.0,False,5.0,Light Snow,0.22,0.2727,0.8,0.0,2.0,36.0,38.0
610,2011-01-28,1.0,0.0,1.0,15.0,False,5.0,Mist,0.2,0.2576,0.86,0.0,1.0,40.0,41.0
611,,1.0,0.0,1.0,12.0,False,3.0,Clear,0.2,0.197,0.52,0.194,2.0,43.0,47.0
612,,1.0,0.0,1.0,12.0,False,3.0,Clear,0.2,0.197,0.52,0.194,2.0,43.0,47.0
613,,1.0,0.0,1.0,12.0,False,3.0,Clear,0.2,0.197,0.52,0.194,2.0,43.0,47.0
614,,1.0,0.0,1.0,12.0,False,3.0,Clear,0.2,0.197,0.52,0.194,2.0,43.0,47.0
615,,1.0,0.0,1.0,12.0,False,3.0,Clear,0.2,0.197,0.52,0.194,2.0,43.0,47.0
616,,1.0,0.0,1.0,12.0,False,3.0,Clear,0.2,0.197,0.52,0.194,2.0,43.0,47.0
617,,1.0,0.0,1.0,12.0,False,3.0,Clear,0.2,0.197,0.52,0.194,2.0,43.0,47.0
618,,1.0,0.0,1.0,12.0,False,3.0,Clear,0.2,0.197,0.52,0.194,2.0,43.0,47.0
619,,1.0,0.0,1.0,12.0,False,3.0,Clear,0.2,0.197,0.52,0.194,2.0,43.0,47.0
620,,1.0,0.0,1.0,12.0,False,3.0,Clear,0.2,0.197,0.52,0.194,2.0,43.0,47.0
621,,1.0,0.0,1.0,12.0,False,3.0,Clear,0.2,0.197,0.52,0.194,2.0,43.0,47.0
622,,1.0,0.0,1.0,12.0,False,3.0,Clear,0.2,0.197,0.52,0.194,2.0,43.0,47.0
623,,1.0,0.0,1.0,12.0,False,3.0,Clear,0.2,0.197,0.52,0.194,2.0,43.0,47.0
624,,1.0,0.0,1.0,12.0,False,3.0,Clear,0.2,0.197,0.52,0.194,2.0,43.0,47.0
625,,1.0,0.0,1.0,12.0,False,3.0,Clear,0.2,0.197,0.52,0.194,2.0,43.0,47.0
626,,1.0,0.0,1.0,12.0,False,3.0,Clear,0.2,0.197,0.52,0.194,2.0,43.0,47.0
627,,1.0,0.0,1.0,12.0,False,3.0,Clear,0.2,0.197,0.52,0.194,2.0,43.0,47.0
628,,1.0,0.0,1.0,12.0,False,3.0,Clear,0.2,0.197,0.52,0.194,2.0,43.0,47.0
629,,1.0,0.0,1.0,12.0,False,3.0,Clear,0.2,0.197,0.52,0.194,2.0,43.0,47.0
630,,1.0,0.0,1.0,12.0,False,3.0,Clear,0.2,0.197,0.52,0.194,2.0,43.0,47.0
631,,1.0,0.0,1.0,12.0,False,3.0,Clear,0.2,0.197,0.52,0.194,2.0,43.0,47.0
632,,1.0,0.0,1.0,12.0,False,3.0,Clear,0.2,0.197,0.52,0.194,2.0,43.0,47.0
633,,1.0,0.0,1.0,12.0,False,3.0,Clear,0.2,0.197,0.52,0.194,2.0,43.0,47.0
634,,1.0,0.0,1.0,12.0,False,3.0,Clear,0.2,0.197,0.52,0.194,2.0,43.0,47.0
635,,1.0,0.0,1.0,12.0,False,3.0,Clear,0.2,0.197,0.52,0.194,2.0,43.0,47.0
636,,1.0,0.0,1.0,12.0,False,3.0,Clear,0.2,0.197,0.52,0.194,2.0,43.0,47.0
637,,1.0,0.0,1.0,12.0,False,3.0,Clear,0.2,0.197,0.52,0.194,2.0,43.0,47.0
638,,1.0,0.0,1.0,12.0,False,3.0,Clear,0.2,0.197,0.52,0.194,2.0,43.0,47.0
639,,1.0,0.0,1.0,12.0,False,3.0,Clear,0.2,0.197,0.52,0.194,2.0,43.0,47.0
640,,1.0,0.0,1.0,12.0,False,3.0,Clear,0.2,0.197,0.52,0.194,2.0,43.0,47.0
641,,1.0,0.0,1.0,12.0,False,3.0,Clear,0.2,0.197,0.52,0.194,2.0,43.0,47.0
642,,1.0,0.0,1.0,12.0,False,3.0,Clear,0.2,0.197,0.52,0.194,2.0,43.0,47.0
643,,1.0,0.0,1.0,12.0,False,3.0,Clear,0.2,0.197,0.52,0.194,2.0,43.0,47.0
644,,1.0,0.0,1.0,12.0,False,3.0,Clear,0.2,0.197,0.52,0.194,2.0,43.0,47.0
645,,1.0,0.0,1.0,12.0,False,3.0,Clear,0.2,0.197,0.52,0.194,2.0,43.0,47.0
646,,1.0,0.0,1.0,12.0,False,3.0,Clear,0.2,0.197,0.52,0.194,2.0,43.0,47.0
647,,1.0,0.0,1.0,12.0,False,3.0,Clear,0.2,0.197,0.52,0.194,2.0,43.0,47.0
648,,1.0,0.0,1.0,12.0,False,3.0,Clear,0.2,0.197,0.52,0.194,2.0,43.0,47.0
649,,1.0,0.0,1.0,12.0,False,3.0,Clear,0.2,0.197,0.52,0.194,2.0,43.0,47.0
650,,1.0,0.0,1.0,12.0,False,3.0,Clear,0.2,0.197,0.52,0.194,2.0,43.0,47.0
651,,1.0,0.0,1.0,12.0,False,3.0,Clear,0.2,0.197,0.52,0.194,2.0,43.0,47.0
652,,1.0,0.0,1.0,12.0,False,3.0,Clear,0.2,0.197,0.52,0.194,2.0,43.0,47.0
653,,1.0,0.0,1.0,12.0,False,3.0,Clear,0.2,0.197,0.52,0.194,2.0,43.0,47.0
654,,1.0,0.0,1.0,12.0,False,3.0,Clear,0.2,0.197,0.52,0.194,2.0,43.0,47.0
655,,1.0,0.0,1.0,12.0,False,3.0,Clear,0.2,0.197,0.52,0.194,2.0,43.0,47.0
656,,1.0,0.0,1.0,12.0,False,3.0,Clear,0.2,0.197,0.52,0.194,2.0,43.0,47.0
657,,1.0,0.0,1.0,12.0,False,3.0,Clear,0.2,0.197,0.52,0.194,2.0,43.0,47.0
658,,1.0,0.0,1.0,12.0,False,3.0,Clear,0.2,0.197,0.52,0.194,2.0,43.0,47.0
659,,1.0,0.0,1.0,12.0,False,3.0,Clear,0.2,0.197,0.52,0.194,2.0,43.0,47.0
660,,1.0,0.0,1.0,12.0,False,3.0,Clear,0.2,0.197,0.52,0.194,2.0,43.0,47.0
661,,1.0,0.0,1.0,12.0,False,3.0,Clear,0.2,0.197,0.52,0.194,2.0,43.0,47.0
662,,1.0,0.0,1.0,12.0,False,3.0,Clear,0.2,0.197,0.52,0.194,2.0,43.0,47.0
663,,1.0,0.0,1.0,12.0,False,3.0,Clear,0.2,0.197,0.52,0.194,2.0,43.0,47.0
664,,1.0,0.0,1.0,12.0,False,3.0,Clear,0.2,0.197,0.52,0.194,2.0,43.0,47.0
665,,1.0,0.0,1.0,12.0,False,3.0,Clear,0.2,0.197,0.52,0.194,2.0,43.0,47.0
666,,1.0,0.0,1.0,12.0,False,3.0,Clear,0.2,0.197,0.52,0.194,2.0,43.0,47.0
667,,1.0,0.0,1.0,12.0,False,3.0,Clear,0.2,0.197,0.52,0.194,2.0,43.0,47.0
668,,1.0,0.0,1.0,12.0,False,3.0,Clear,0.2,0.197,0.52,0.194,2.0,43.0,47.0
669,,1.0,0.0,1.0,12.0,False,3.0,Clear,0.2,0.197,0.52,0.194,2.0,43.0,47.0
670,,1.0,0.0,1.0,12.0,False,3.0,Clear,0.2,0.197,0.52,0.194,2.0,43.0,47.0
671,,1.0,0.0,1.0,12.0,False,3.0,Clear,0.2,0.197,0.52,0.194,2.0,43.0,47.0
672,,1.0,0.0,1.0,12.0,False,3.0,Clear,0.2,0.197,0.52,0.194,2.0,43.0,47.0
673,,1.0,0.0,1.0,12.0,False,3.0,Clear,0.2,0.197,0.52,0.194,2.0,43.0,47.0
674,,1.0,0.0,1.0,12.0,False,3.0,Clear,0.2,0.197,0.52,0.194,2.0,43.0,47.0
675,,1.0,0.0,1.0,12.0,False,3.0,Clear,0.2,0.197,0.52,0.194,2.0,43.0,47.0
676,,1.0,0.0,1.0,12.0,False,3.0,Clear,0.2,0.197,0.52,0.194,2.0,43.0,47.0
677,,1.0,0.0,1.0,12.0,False,3.0,Clear,0.2,0.197,0.52,0.194,2.0,43.0,47.0
678,,1.0,0.0,1.0,12.0,False,3.0,Clear,0.2,0.197,0.52,0.194,2.0,43.0,47.0
679,,1.0,0.0,1.0,12.0,False,3.0,Clear,0.2,0.197,0.52,0.194,2.0,43.0,47.0
680,,1.0,0.0,1.0,12.0,False,3.0,Clear,0.2,0.197,0.52,0.194,2.0,43.0,47.0
681,,1.0,0.0,1.0,12.0,False,3.0,Clear,0.2,0.197,0.52,0.194,2.0,43.0,47.0
682,,1.0,0.0,1.0,12.0,False,3.0,Clear,0.2,0.197,0.52,0.194,2.0,43.0,47.0
683,,1.0,0.0,1.0,12.0,False,3.0,Clear,0.2,0.197,0.52,0.194,2.0,43.0,47.0
684,,1.0,0.0,1.0,12.0,False,3.0,Clear,0.2,0.197,0.52,0.194,2.0,43.0,47.0
685,,1.0,0.0,1.0,12.0,False,3.0,Clear,0.2,0.197,0.52,0.194,2.0,43.0,47.0
686,,1.0,0.0,1.0,12.0,False,3.0,Clear,0.2,0.197,0.52,0.194,2.0,43.0,47.0
687,,1.0,0.0,1.0,12.0,False,3.0,Clear,0.2,0.197,0.52,0.194,2.0,43.0,47.0
688,,1.0,0.0,1.0,12.0,False,3.0,Clear,0.2,0.197,0.52,0.194,2.0,43.0,47.0
689,,1.0,0.0,1.0,12.0,False,3.0,Clear,0.2,0.197,0.52,0.194,2.0,43.0,47.0
690,,1.0,0.0,1.0,12.0,False,3.0,Clear,0.2,0.197,0.52,0.194,2.0,43.0,47.0
691,,1.0,0.0,1.0,12.0,False,3.0,Clear,0.2,0.197,0.52,0.194,2.0,43.0,47.0
692,,1.0,0.0,1.0,12.0,False,3.0,Clear,0.2,0.197,0.52,0.194,2.0,43.0,47.0
693,,1.0,0.0,1.0,12.0,False,3.0,Clear,0.2,0.197,0.52,0.194,2.0,43.0,47.0
694,,1.0,0.0,1.0,12.0,False,3.0,Clear,0.2,0.197,0.52,0.194,2.0,43.0,47.0
695,,1.0,0.0,1.0,12.0,False,3.0,Clear,0.2,0.197,0.52,0.194,2.0,43.0,47.0
696,,1.0,0.0,1.0,12.0,False,3.0,Clear,0.2,0.197,0.52,0.194,2.0,43.0,47.0
697,,1.0,0.0,1.0,12.0,False,3.0,Clear,0.2,0.197,0.52,0.194,2.0,43.0,47.0
698,,1.0,0.0,1.0,12.0,False,3.0,Clear,0.2,0.197,0.52,0.194,2.0,43.0,47.0
699,,1.0,0.0,1.0,12.0,False,3.0,Clear,0.2,0.197,0.52,0.194,2.0,43.0,47.0
700,,1.0,0.0,1.0,12.0,False,3.0,Clear,0.2,0.197,0.52,0.194,2.0,43.0,47.0
701,,1.0,0.0,1.0,12.0,False,3.0,Clear,0.2,0.197,0.52,0.194,2.0,43.0,47.0
702,,1.0,0.0,1.0,12.0,False,3.0,Clear,0.2,0.197,0.52,0.194,2.0,43.0,47.0
703,,1.0,0.0,1.0,12.0,False,3.0,Clear,0.2,0.197,0.52,0.194,2.0,43.0,47.0
704,,1.0,0.0,1.0,12.0,False,3.0,Clear,0.2,0.197,0.52,0.194,2.0,43.0,47.0
705,,1.0,0.0,1.0,12.0,False,3.0,Clear,0.2,0.197,0.52,0.194,2.0,43.0,47.0
706,,1.0,0.0,1.0,12.0,False,3.0,Clear,0.2,0.197,0.52,0.194,2.0,43.0,47.0
707,,1.0,0.0,1.0,12.0,False,3.0,Clear,0.2,0.197,0.52,0.194,2.0,43.0,47.0
708,,1.0,0.0,1.0,12.0,False,3.0,Clear,0.2,0.197,0.52,0.194,2.0,43.0,47.0
709,,1.0,0.0,1.0,12.0,False,3.0,Clear,0.2,0.197,0.52,0.194,2.0,43.0,47.0
710,,1.0,0.0,1.0,12.0,False,3.0,Clear,0.2,0.197,0.52,0.194,2.0,43.0,47.0
711,,1.0,0.0,1.0,12.0,False,3.0,Clear,0.2,0.197,0.52,0.194,2.0,43.0,47.0
712,,1.0,0.0,1.0,12.0,False,3.0,Clear,0.2,0.197,0.52,0.194,2.0,43.0,47.0
713,,1.0,0.0,1.0,12.0,False,3.0,Clear,0.2,0.197,0.52,0.194,2.0,43.0,47.0
714,,1.0,0.0,1.0,12.0,False,3.0,Clear,0.2,0.197,0.52,0.194,2.0,43.0,47.0
715,,1.0,0.0,1.0,12.0,False,3.0,Clear,0.2,0.197,0.52,0.194,2.0,43.0,47.0
716,,1.0,0.0,1.0,12.0,False,3.0,Clear,0.2,0.197,0.52,0.194,2.0,43.0,47.0
717,,1.0,0.0,1.0,12.0,False,3.0,Clear,0.2,0.197,0.52,0.194,2.0,43.0,47.0
718,,1.0,0.0,1.0,12.0,False,3.0,Clear,0.2,0.197,0.52,0.194,2.0,43.0,47.0
719,,1.0,0.0,1.0,12.0,False,3.0,Clear,0.2,0.197,0.52,0.194,2.0,43.0,47.0
720,,1.0,0.0,1.0,12.0,False,3.0,Clear,0.2,0.197,0.52,0.194,2.0,43.0,47.0
721,,1.0,0.0,1.0,12.0,False,3.0,Clear,0.2,0.197,0.52,0.194,2.0,43.0,47.0
722,,1.0,0.0,1.0,12.0,False,3.0,Clear,0.2,0.197,0.52,0.194,2.0,43.0,47.0
723,,1.0,0.0,1.0,12.0,False,3.0,Clear,0.2,0.197,0.52,0.194,2.0,43.0,47.0
724,,1.0,0.0,1.0,12.0,False,3.0,Clear,0.2,0.197,0.52,0.194,2.0,43.0,47.0
725,,1.0,0.0,1.0,12.0,False,3.0,Clear,0.2,0.197,0.52,0.194,2.0,43.0,47.0
726,,1.0,0.0,1.0,12.0,False,3.0,Clear,0.2,0.197,0.52,0.194,2.0,43.0,47.0
727,,1.0,0.0,1.0,12.0,False,3.0,Clear,0.2,0.197,0.52,0.194,2.0,43.0,47.0
728,,1.0,0.0,1.0,12.0,False,3.0,Clear,0.2,0.197,0.52,0.194,2.0,43.0,47.0
729,,1.0,0.0,1.0,12.0,False,3.0,Clear,0.2,0.197,0.52,0.194,2.0,43.0,47.0
730,,1.0,0.0,1.0,12.0,False,3.0,Clear,0.2,0.197,0.52,0.194,2.0,43.0,47.0
731,,1.0,0.0,1.0,12.0,False,3.0,Clear,0.2,0.197,0.52,0.194,2.0,43.0,47.0
732,,1.0,0.0,1.0,12.0,False,3.0,Clear,0.2,0.197,0.52,0.194,2.0,43.0,47.0
733,,1.0,0.0,1.0,12.0,False,3.0,Clear,0.2,0.197,0.52,0.194,2.0,43.0,47.0
734,,1.0,0.0,1.0,12.0,False,3.0,Clear,0.2,0.197,0.52,0.194,2.0,43.0,47.0
735,,1.0,0.0,1.0,12.0,False,3.0,Clear,0.2,0.197,0.52,0.194,2.0,43.0,47.0
736,,1.0,0.0,1.0,12.0,False,3.0,Clear,0.2,0.197,0.52,0.194,2.0,43.0,47.0
737,,1.0,0.0,1.0,12.0,False,3.0,Clear,0.2,0.197,0.52,0.194,2.0,43.0,47.0
738,,1.0,0.0,1.0,12.0,False,3.0,Clear,0.2,0.197,0.52,0.194,2.0,43.0,47.0
739,,1.0,0.0,1.0,12.0,False,3.0,Clear,0.2,0.197,0.52,0.194,2.0,43.0,47.0
740,,1.0,0.0,1.0,12.0,False,3.0,Clear,0.2,0.197,0.52,0.194,2.0,43.0,47.0
741,,1.0,0.0,1.0,12.0,False,3.0,Clear,0.2,0.197,0.52,0.194,2.0,43.0,47.0
742,,1.0,0.0,1.0,12.0,False,3.0,Clear,0.2,0.197,0.52,0.194,2.0,43.0,47.0
743,,1.0,0.0,1.0,12.0,False,3.0,Clear,0.2,0.197,0.52,0.194,2.0,43.0,47.0
744,,1.0,0.0,1.0,12.0,False,3.0,Clear,0.2,0.197,0.52,0.194,2.0,43.0,47.0
745,,1.0,0.0,1.0,12.0,False,3.0,Clear,0.2,0.197,0.52,0.194,2.0,43.0,47.0
746,,1.0,0.0,1.0,12.0,False,3.0,Clear,0.2,0.197,0.52,0.194,2.0,43.0,47.0
747,,1.0,0.0,1.0,12.0,False,3.0,Clear,0.2,0.197,0.52,0.194,2.0,43.0,47.0
748,,1.0,0.0,1.0,12.0,False,3.0,Clear,0.2,0.197,0.52,0.194,2.0,43.0,47.0
749,,1.0,0.0,1.0,12.0,False,3.0,Clear,0.2,0.197,0.52,0.194,2.0,43.0,47.0
750,,1.0,0.0,1.0,12.0,False,3.0,Clear,0.2,0.197,0.52,0.194,2.0,43.0,47.0
751,,1.0,0.0,1.0,12.0,False,3.0,Clear,0.2,0.197,0.52,0.194,2.0,43.0,47.0
752,,1.0,0.0,1.0,12.0,False,3.0,Clear,0.2,0.197,0.52,0.194,2.0,43.0,47.0
753,,1.0,0.0,1.0,12.0,False,3.0,Clear,0.2,0.197,0.52,0.194,2.0,43.0,47.0
754,,1.0,0.0,1.0,12.0,False,3.0,Clear,0.2,0.197,0.52,0.194,2.0,43.0,47.0
755,,1.0,0.0,1.0,12.0,False,3.0,Clear,0.2,0.197,0.52,0.194,2.0,43.0,47.0
756,,1.0,0.0,1.0,12.0,False,3.0,Clear,0.2,0.197,0.52,0.194,2.0,43.0,47.0
757,,1.0,0.0,1.0,12.0,False,3.0,Clear,0.2,0.197,0.52,0.194,2.0,43.0,47.0
758,,1.0,0.0,1.0,12.0,False,3.0,Clear,0.2,0.197,0.52,0.194,2.0,43.0,47.0
759,,1.0,0.0,1.0,12.0,False,3.0,Clear,0.2,0.197,0.52,0.194,2.0,43.0,47.0
760,,1.0,0.0,1.0,12.0,False,3.0,Clear,0.2,0.197,0.52,0.194,2.0,43.0,47.0
761,,1.0,0.0,1.0,12.0,False,3.0,Clear,0.2,0.197,0.52,0.194,2.0,43.0,47.0
762,,1.0,0.0,1.0,12.0,False,3.0,Clear,0.2,0.197,0.52,0.194,2.0,43.0,47.0
763,,1.0,0.0,1.0,12.0,False,3.0,Clear,0.2,0.197,0.52,0.194,2.0,43.0,47.0
764,,1.0,0.0,1.0,12.0,False,3.0,Clear,0.2,0.197,0.52,0.194,2.0,43.0,47.0
765,,1.0,0.0,1.0,12.0,False,3.0,Clear,0.2,0.197,0.52,0.194,2.0,43.0,47.0
766,,1.0,0.0,1.0,12.0,False,3.0,Clear,0.2,0.197,0.52,0.194,2.0,43.0,47.0
767,,1.0,0.0,1.0,12.0,False,3.0,Clear,0.2,0.197,0.52,0.194,2.0,43.0,47.0
768,,1.0,0.0,1.0,12.0,False,3.0,Clear,0.2,0.197,0.52,0.194,2.0,43.0,47.0
769,,1.0,0.0,1.0,12.0,False,3.0,Clear,0.2,0.197,0.52,0.194,2.0,43.0,47.0
770,,1.0,0.0,1.0,12.0,False,3.0,Clear,0.2,0.197,0.52,0.194,2.0,43.0,47.0
771,,1.0,0.0,1.0,12.0,False,3.0,Clear,0.2,0.197,0.52,0.194,2.0,43.0,47.0
772,,1.0,0.0,1.0,12.0,False,3.0,Clear,0.2,0.197,0.52,0.194,2.0,43.0,47.0
773,,1.0,0.0,1.0,12.0,False,3.0,Clear,0.2,0.197,0.52,0.194,2.0,43.0,47.0
774,,1.0,0.0,1.0,12.0,False,3.0,Clear,0.2,0.197,0.52,0.194,2.0,43.0,47.0
775,,1.0,0.0,1.0,12.0,False,3.0,Clear,0.2,0.197,0.52,0.194,2.0,43.0,47.0
776,,1.0,0.0,1.0,12.0,False,3.0,Clear,0.2,0.197,0.52,0.194,2.0,43.0,47.0
777,,1.0,0.0,1.0,12.0,False,3.0,Clear,0.2,0.197,0.52,0.194,2.0,43.0,47.0
778,,1.0,0.0,1.0,12.0,False,3.0,Clear,0.2,0.197,0.52,0.194,2.0,43.0,47.0
779,,1.0,0.0,1.0,12.0,False,3.0,Clear,0.2,0.197,0.52,0.194,2.0,43.0,47.0
780,,1.0,0.0,1.0,12.0,False,3.0,Clear,0.2,0.197,0.52,0.194,2.0,43.0,47.0
781,,1.0,0.0,1.0,12.0,False,3.0,Clear,0.2,0.197,0.52,0.194,2.0,43.0,47.0
782,,1.0,0.0,1.0,12.0,False,3.0,Clear,0.2,0.197,0.52,0.194,2.0,43.0,47.0
783,,1.0,0.0,1.0,12.0,False,3.0,Clear,0.2,0.197,0.52,0.194,2.0,43.0,47.0
784,,1.0,0.0,1.0,12.0,False,3.0,Clear,0.2,0.197,0.52,0.194,2.0,43.0,47.0
785,,1.0,0.0,1.0,12.0,False,3.0,Clear,0.2,0.197,0.52,0.194,2.0,43.0,47.0
786,,1.0,0.0,1.0,12.0,False,3.0,Clear,0.2,0.197,0.52,0.194,2.0,43.0,47.0
787,,1.0,0.0,1.0,12.0,False,3.0,Clear,0.2,0.197,0.52,0.194,2.0,43.0,47.0
788,,1.0,0.0,1.0,12.0,False,3.0,Clear,0.2,0.197,0.52,0.194,2.0,43.0,47.0
789,,1.0,0.0,1.0,12.0,False,3.0,Clear,0.2,0.197,0.52,0.194,2.0,43.0,47.0
790,,1.0,0.0,1.0,12.0,False,3.0,Clear,0.2,0.197,0.52,0.194,2.0,43.0,47.0
791,,1.0,0.0,1.0,12.0,False,3.0,Clear,0.2,0.197,0.52,0.194,2.0,43.0,47.0
792,,1.0,0.0,1.0,12.0,False,3.0,Clear,0.2,0.197,0.52,0.194,2.0,43.0,47.0
793,,1.0,0.0,1.0,12.0,False,3.0,Clear,0.2,0.197,0.52,0.194,2.0,43.0,47.0
794,,1.0,0.0,1.0,12.0,False,3.0,Clear,0.2,0.197,0.52,0.194,2.0,43.0,47.0
795,,1.0,0.0,1.0,12.0,False,3.0,Clear,0.2,0.197,0.52,0.194,2.0,43.0,47.0
796,,1.0,0.0,1.0,12.0,False,3.0,Clear,0.2,0.197,0.52,0.194,2.0,43.0,47.0
797,,1.0,0.0,1.0,12.0,False,3.0,Clear,0.2,0.197,0.52,0.194,2.0,43.0,47.0
798,,1.0,0.0,1.0,12.0,False,3.0,Clear,0.2,0.197,0.52,0.194,2.0,43.0,47.0
799,,1.0,0.0,1.0,12.0,False,3.0,Clear,0.2,0.197,0.52,0.194,2.0,43.0,47.0
800,,1.0,0.0,1.0,12.0,False,3.0,Clear,0.2,0.197,0.52,0.194,2.0,43.0,47.0
801,,1.0,0.0,1.0,12.0,False,3.0,Clear,0.2,0.197,0.52,0.194,2.0,43.0,47.0
802,,1.0,0.0,1.0,12.0,False,3.0,Clear,0.2,0.197,0.52,0.194,2.0,43.0,47.0
803,,1.0,0.0,1.0,12.0,False,3.0,Clear,0.2,0.197,0.52,0.194,2.0,43.0,47.0
804,,1.0,0.0,1.0,12.0,False,3.0,Clear,0.2,0.197,0.52,0.194,2.0,43.0,47.0
805,,1.0,0.0,1.0,12.0,False,3.0,Clear,0.2,0.197,0.52,0.194,2.0,43.0,47.0
806,,1.0,0.0,1.0,12.0,False,3.0,Clear,0.2,0.197,0.52,0.194,2.0,43.0,47.0
807,,1.0,0.0,1.0,12.0,False,3.0,Clear,0.2,0.197,0.52,0.194,2.0,43.0,47.0
808,,1.0,0.0,1.0,12.0,False,3.0,Clear,0.2,0.197,0.52,0.194,2.0,43.0,47.0
809,,1.0,0.0,1.0,12.0,False,3.0,Clear,0.2,0.197,0.52,0.194,2.0,43.0,47.0
810,,1.0,0.0,1.0,12.0,False,3.0,Clear,0.2,0.197,0.52,0.194,2.0,43.0,47.0
811,,1.0,0.0,1.0,12.0,False,3.0,Clear,0.2,0.197,0.52,0.194,2.0,43.0,47.0
812,,1.0,0.0,1.0,12.0,False,3.0,Clear,0.2,0.197,0.52,0.194,2.0,43.0,47.0
813,,1.0,0.0,1.0,12.0,False,3.0,Clear,0.2,0.197,0.52,0.194,2.0,43.0,47.0
814,,1.0,0.0,1.0,12.0,False,3.0,Clear,0.2,0.197,0.52,0.194,2.0,43.0,47.0
815,,1.0,0.0,1.0,12.0,False,3.0,Clear,0.2,0.197,0.52,0.194,2.0,43.0,47.0
816,,1.0,0.0,1.0,12.0,False,3.0,Clear,0.2,0.197,0.52,0.194,2.0,43.0,47.0
817,,1.0,0.0,1.0,12.0,False,3.0,Clear,0.2,0.197,0.52,0.194,2.0,43.0,47.0
818,,1.0,0.0,1.0,12.0,False,3.0,Clear,0.2,0.197,0.52,0.194,2.0,43.0,47.0
819,,1.0,0.0,1.0,12.0,False,3.0,Clear,0.2,0.197,0.52,0.194,2.0,43.0,47.0
820,,1.0,0.0,1.0,12.0,False,3.0,Clear,0.2,0.197,0.52,0.194,2.0,43.0,47.0
821,,1.0,0.0,1.0,12.0,False,3.0,Clear,0.2,0.197,0.52,0.194,2.0,43.0,47.0
822,,1.0,0.0,1.0,12.0,False,3.0,Clear,0.2,0.197,0.52,0.194,2.0,43.0,47.0
823,,1.0,0.0,1.0,12.0,False,3.0,Clear,0.2,0.197,0.52,0.194,2.0,43.0,47.0
824,,1.0,0.0,1.0,12.0,False,3.0,Clear,0.2,0.197,0.52,0.194,2.0,43.0,47.0
825,,1.0,0.0,1.0,12.0,False,3.0,Clear,0.2,0.197,0.52,0.194,2.0,43.0,47.0
826,,1.0,0.0,1.0,12.0,False,3.0,Clear,0.2,0.197,0.52,0.194,2.0,43.0,47.0
827,,1.0,0.0,1.0,12.0,False,3.0,Clear,0.2,0.197,0.52,0.194,2.0,43.0,47.0
828,,1.0,0.0,1.0,12.0,False,3.0,Clear,0.2,0.197,0.52,0.194,2.0,43.0,47.0
829,,1.0,0.0,1.0,12.0,False,3.0,Clear,0.2,0.197,0.52,0.194,2.0,43.0,47.0
830,,1.0,0.0,1.0,12.0,False,3.0,Clear,0.2,0.197,0.52,0.194,2.0,43.0,47.0
831,,1.0,0.0,1.0,12.0,False,3.0,Clear,0.2,0.197,0.52,0.194,2.0,43.0,47.0
832,,1.0,0.0,1.0,12.0,False,3.0,Clear,0.2,0.197,0.52,0.194,2.0,43.0,47.0
833,,1.0,0.0,1.0,12.0,False,3.0,Clear,0.2,0.197,0.52,0.194,2.0,43.0,47.0
834,,1.0,0.0,1.0,12.0,False,3.0,Clear,0.2,0.197,0.52,0.194,2.0,43.0,47.0
835,,1.0,0.0,1.0,12.0,False,3.0,Clear,0.2,0.197,0.52,0.194,2.0,43.0,47.0
836,,1.0,0.0,1.0,12.0,False,3.0,Clear,0.2,0.197,0.52,0.194,2.0,43.0,47.0
837,,1.0,0.0,1.0,12.0,False,3.0,Clear,0.2,0.197,0.52,0.194,2.0,43.0,47.0
838,,1.0,0.0,1.0,12.0,False,3.0,Clear,0.2,0.197,0.52,0.194,2.0,43.0,47.0
839,,1.0,0.0,1.0,12.0,False,3.0,Clear,0.2,0.197,0.52,0.194,2.0,43.0,47.0
840,,1.0,0.0,1.0,12.0,False,3.0,Clear,0.2,0.197,0.52,0.194,2.0,43.0,47.0
841,,1.0,0.0,1.0,12.0,False,3.0,Clear,0.2,0.197,0.52,0.194,2.0,43.0,47.0
842,,1.0,0.0,1.0,12.0,False,3.0,Clear,0.2,0.197,0.52,0.194,2.0,43.0,47.0
843,,1.0,0.0,1.0,12.0,False,3.0,Clear,0.2,0.197,0.52,0.194,2.0,43.0,47.0
844,,1.0,0.0,1.0,12.0,False,3.0,Clear,0.2,0.197,0.52,0.194,2.0,43.0,47.0
845,,1.0,0.0,1.0,12.0,False,3.0,Clear,0.2,0.197,0.52,0.194,2.0,43.0,47.0
846,,1.0,0.0,1.0,12.0,False,3.0,Clear,0.2,0.197,0.52,0.194,2.0,43.0,47.0
847,,1.0,0.0,1.0,12.0,False,3.0,Clear,0.2,0.197,0.52,0.194,2.0,43.0,47.0
848,,1.0,0.0,1.0,12.0,False,3.0,Clear,0.2,0.197,0.52,0.194,2.0,43.0,47.0
849,,1.0,0.0,1.0,12.0,False,3.0,Clear,0.2,0.197,0.52,0.194,2.0,43.0,47.0
850,,1.0,0.0,1.0,12.0,False,3.0,Clear,0.2,0.197,0.52,0.194,2.0,43.0,47.0
851,,1.0,0.0,1.0,12.0,False,3.0,Clear,0.2,0.197,0.52,0.194,2.0,43.0,47.0
852,,1.0,0.0,1.0,12.0,False,3.0,Clear,0.2,0.197,0.52,0.194,2.0,43.0,47.0
853,,1.0,0.0,1.0,12.0,False,3.0,Clear,0.2,0.197,0.52,0.194,2.0,43.0,47.0
854,,1.0,0.0,1.0,12.0,False,3.0,Clear,0.2,0.197,0.52,0.194,2.0,43.0,47.0
855,,1.0,0.0,1.0,12.0,False,3.0,Clear,0.2,0.197,0.52,0.194,2.0,43.0,47.0
856,,1.0,0.0,1.0,12.0,False,3.0,Clear,0.2,0.197,0.52,0.194,2.0,43.0,47.0
857,,1.0,0.0,1.0,12.0,False,3.0,Clear,0.2,0.197,0.52,0.194,2.0,43.0,47.0
858,,1.0,0.0,1.0,12.0,False,3.0,Clear,0.2,0.197,0.52,0.194,2.0,43.0,47.0
859,,1.0,0.0,1.0,12.0,False,3.0,Clear,0.2,0.197,0.52,0.194,2.0,43.0,47.0
860,,1.0,0.0,1.0,12.0,False,3.0,Clear,0.2,0.197,0.52,0.194,2.0,43.0,47.0
861,,1.0,0.0,1.0,12.0,False,3.0,Clear,0.2,0.197,0.52,0.194,2.0,43.0,47.0
862,,1.0,0.0,1.0,12.0,False,3.0,Clear,0.2,0.197,0.52,0.194,2.0,43.0,47.0
863,,1.0,0.0,1.0,12.0,False,3.0,Clear,0.2,0.197,0.52,0.194,2.0,43.0,47.0
864,,1.0,0.0,1.0,12.0,False,3.0,Clear,0.2,0.197,0.52,0.194,2.0,43.0,47.0
865,,1.0,0.0,1.0,12.0,False,3.0,Clear,0.2,0.197,0.52,0.194,2.0,43.0,47.0
866,,1.0,0.0,1.0,12.0,False,3.0,Clear,0.2,0.197,0.52,0.194,2.0,43.0,47.0
867,,1.0,0.0,1.0,12.0,False,3.0,Clear,0.2,0.197,0.52,0.194,2.0,43.0,47.0
868,,1.0,0.0,1.0,12.0,False,3.0,Clear,0.2,0.197,0.52,0.194,2.0,43.0,47.0
869,,1.0,0.0,1.0,12.0,False,3.0,Clear,0.2,0.197,0.52,0.194,2.0,43.0,47.0
870,,1.0,0.0,1.0,12.0,False,3.0,Clear,0.2,0.197,0.52,0.194,2.0,43.0,47.0
871,,1.0,0.0,1.0,12.0,False,3.0,Clear,0.2,0.197,0.52,0.194,2.0,43.0,47.0
872,,1.0,0.0,1.0,12.0,False,3.0,Clear,0.2,0.197,0.52,0.194,2.0,43.0,47.0
873,,1.0,0.0,1.0,12.0,False,3.0,Clear,0.2,0.197,0.52,0.194,2.0,43.0,47.0
874,,1.0,0.0,1.0,12.0,False,3.0,Clear,0.2,0.197,0.52,0.194,2.0,43.0,47.0
875,,1.0,0.0,1.0,12.0,False,3.0,Clear,0.2,0.197,0.52,0.194,2.0,43.0,47.0
876,,1.0,0.0,1.0,12.0,False,3.0,Clear,0.2,0.197,0.52,0.194,2.0,43.0,47.0
877,,1.0,0.0,1.0,12.0,False,3.0,Clear,0.2,0.197,0.52,0.194,2.0,43.0,47.0
878,,1.0,0.0,1.0,12.0,False,3.0,Clear,0.2,0.197,0.52,0.194,2.0,43.0,47.0
879,,1.0,0.0,1.0,12.0,False,3.0,Clear,0.2,0.197,0.52,0.194,2.0,43.0,47.0
880,,1.0,0.0,1.0,12.0,False,3.0,Clear,0.2,0.197,0.52,0.194,2.0,43.0,47.0
881,,1.0,0.0,1.0,12.0,False,3.0,Clear,0.2,0.197,0.52,0.194,2.0,43.0,47.0
882,,1.0,0.0,1.0,12.0,False,3.0,Clear,0.2,0.197,0.52,0.194,2.0,43.0,47.0
883,,1.0,0.0,1.0,12.0,False,3.0,Clear,0.2,0.197,0.52,0.194,2.0,43.0,47.0
884,,1.0,0.0,1.0,12.0,False,3.0,Clear,0.2,0.197,0.52,0.194,2.0,43.0,47.0
885,,1.0,0.0,1.0,12.0,False,3.0,Clear,0.2,0.197,0.52,0.194,2.0,43.0,47.0
886,,1.0,0.0,1.0,12.0,False,3.0,Clear,0.2,0.197,0.52,0.194,2.0,43.0,47.0
887,,1.0,0.0,1.0,12.0,False,3.0,Clear,0.2,0.197,0.52,0.194,2.0,43.0,47.0
888,,1.0,0.0,1.0,12.0,False,3.0,Clear,0.2,0.197,0.52,0.194,2.0,43.0,47.0
889,,1.0,0.0,1.0,12.0,False,3.0,Clear,0.2,0.197,0.52,0.194,2.0,43.0,47.0
890,,1.0,0.0,1.0,12.0,False,3.0,Clear,0.2,0.197,0.52,0.194,2.0,43.0,47.0
891,,1.0,0.0,1.0,12.0,False,3.0,Clear,0.2,0.197,0.52,0.194,2.0,43.0,47.0
892,,1.0,0.0,1.0,12.0,False,3.0,Clear,0.2,0.197,0.52,0.194,2.0,43.0,47.0
893,,1.0,0.0,1.0,12.0,False,3.0,Clear,0.2,0.197,0.52,0.194,2.0,43.0,47.0
894,,1.0,0.0,1.0,12.0,False,3.0,Clear,0.2,0.197,0.52,0.194,2.0,43.0,47.0
895,,1.0,0.0,1.0,12.0,False,3.0,Clear,0.2,0.197,0.52,0.194,2.0,43.0,47.0
896,,1.0,0.0,1.0,12.0,False,3.0,Clear,0.2,0.197,0.52,0.194,2.0,43.0,47.0
897,,1.0,0.0,1.0,12.0,False,3.0,Clear,0.2,0.197,0.52,0.194,2.0,43.0,47.0
898,,1.0,0.0,1.0,12.0,False,3.0,Clear,0.2,0.197,0.52,0.194,2.0,43.0,47.0
899,,1.0,0.0,1.0,12.0,False,3.0,Clear,0.2,0.197,0.52,0.194,2.0,43.0,47.0
900,,1.0,0.0,1.0,12.0,False,3.0,Clear,0.2,0.197,0.52,0.194,2.0,43.0,47.0
901,,1.0,0.0,1.0,12.0,False,3.0,Clear,0.2,0.197,0.52,0.194,2.0,43.0,47.0
902,,1.0,0.0,1.0,12.0,False,3.0,Clear,0.2,0.197,0.52,0.194,2.0,43.0,47.0
903,,1.0,0.0,1.0,12.0,False,3.0,Clear,0.2,0.197,0.52,0.194,2.0,43.0,47.0
904,,1.0,0.0,1.0,12.0,False,3.0,Clear,0.2,0.197,0.52,0.194,2.0,43.0,47.0
905,,1.0,0.0,1.0,12.0,False,3.0,Clear,0.2,0.197,0.52,0.194,2.0,43.0,47.0
906,,1.0,0.0,1.0,12.0,False,3.0,Clear,0.2,0.197,0.52,0.194,2.0,43.0,47.0
907,,1.0,0.0,1.0,12.0,False,3.0,Clear,0.2,0.197,0.52,0.194,2.0,43.0,47.0
908,,1.0,0.0,1.0,12.0,False,3.0,Clear,0.2,0.197,0.52,0.194,2.0,43.0,47.0
909,,1.0,0.0,1.0,12.0,False,3.0,Clear,0.2,0.197,0.52,0.194,2.0,43.0,47.0
910,,1.0,0.0,1.0,12.0,False,3.0,Clear,0.2,0.197,0.52,0.194,2.0,43.0,47.0
911,,1.0,0.0,1.0,12.0,False,3.0,Clear,0.2,0.197,0.52,0.194,2.0,43.0,47.0
912,,1.0,0.0,1.0,12.0,False,3.0,Clear,0.2,0.197,0.52,0.194,2.0,43.0,47.0
913,,1.0,0.0,1.0,12.0,False,3.0,Clear,0.2,0.197,0.52,0.194,2.0,43.0,47.0
914,,1.0,0.0,1.0,12.0,False,3.0,Clear,0.2,0.197,0.52,0.194,2.0,43.0,47.0
915,,1.0,0.0,1.0,12.0,False,3.0,Clear,0.2,0.197,0.52,0.194,2.0,43.0,47.0
916,,1.0,0.0,1.0,12.0,False,3.0,Clear,0.2,0.197,0.52,0.194,2.0,43.0,47.0
917,,1.0,0.0,1.0,12.0,False,3.0,Clear,0.2,0.197,0.52,0.194,2.0,43.0,47.0
918,,1.0,0.0,1.0,12.0,False,3.0,Clear,0.2,0.197,0.52,0.194,2.0,43.0,47.0
919,,1.0,0.0,1.0,12.0,False,3.0,Clear,0.2,0.197,0.52,0.194,2.0,43.0,47.0
920,,1.0,0.0,1.0,12.0,False,3.0,Clear,0.2,0.197,0.52,0.194,2.0,43.0,47.0
921,,1.0,0.0,1.0,12.0,False,3.0,Clear,0.2,0.197,0.52,0.194,2.0,43.0,47.0
922,,1.0,0.0,1.0,12.0,False,3.0,Clear,0.2,0.197,0.52,0.194,2.0,43.0,47.0
923,,1.0,0.0,1.0,12.0,False,3.0,Clear,0.2,0.197,0.52,0.194,2.0,43.0,47.0
924,,1.0,0.0,1.0,12.0,False,3.0,Clear,0.2,0.197,0.52,0.194,2.0,43.0,47.0
925,,1.0,0.0,1.0,12.0,False,3.0,Clear,0.2,0.197,0.52,0.194,2.0,43.0,47.0
926,,1.0,0.0,1.0,12.0,False,3.0,Clear,0.2,0.197,0.52,0.194,2.0,43.0,47.0
927,,1.0,0.0,1.0,12.0,False,3.0,Clear,0.2,0.197,0.52,0.194,2.0,43.0,47.0
928,,1.0,0.0,1.0,12.0,False,3.0,Clear,0.2,0.197,0.52,0.194,2.0,43.0,47.0
929,,1.0,0.0,1.0,12.0,False,3.0,Clear,0.2,0.197,0.52,0.194,2.0,43.0,47.0
930,,1.0,0.0,1.0,12.0,False,3.0,Clear,0.2,0.197,0.52,0.194,2.0,43.0,47.0
931,,1.0,0.0,1.0,12.0,False,3.0,Clear,0.2,0.197,0.52,0.194,2.0,43.0,47.0
932,,1.0,0.0,1.0,12.0,False,3.0,Clear,0.2,0.197,0.52,0.194,2.0,43.0,47.0
933,,1.0,0.0,1.0,12.0,False,3.0,Clear,0.2,0.197,0.52,0.194,2.0,43.0,47.0
934,,1.0,0.0,1.0,12.0,False,3.0,Clear,0.2,0.197,0.52,0.194,2.0,43.0,47.0
935,,1.0,0.0,1.0,12.0,False,3.0,Clear,0.2,0.197,0.52,0.194,2.0,43.0,47.0
936,,1.0,0.0,1.0,12.0,False,3.0,Clear,0.2,0.197,0.52,0.194,2.0,43.0,47.0
937,,1.0,0.0,1.0,12.0,False,3.0,Clear,0.2,0.197,0.52,0.194,2.0,43.0,47.0
938,,1.0,0.0,1.0,12.0,False,3.0,Clear,0.2,0.197,0.52,0.194,2.0,43.0,47.0
939,,1.0,0.0,1.0,12.0,False,3.0,Clear,0.2,0.197,0.52,0.194,2.0,43.0,47.0
940,,1.0,0.0,1.0,12.0,False,3.0,Clear,0.2,0.197,0.52,0.194,2.0,43.0,47.0
941,,1.0,0.0,1.0,12.0,False,3.0,Clear,0.2,0.197,0.52,0.194,2.0,43.0,47.0
942,,1.0,0.0,1.0,12.0,False,3.0,Clear,0.2,0.197,0.52,0.194,2.0,43.0,47.0
943,,1.0,0.0,1.0,12.0,False,3.0,Clear,0.2,0.197,0.52,0.194,2.0,43.0,47.0
944,,1.0,0.0,1.0,12.0,False,3.0,Clear,0.2,0.197,0.52,0.194,2.0,43.0,47.0
945,,1.0,0.0,1.0,12.0,False,3.0,Clear,0.2,0.197,0.52,0.194,2.0,43.0,47.0
946,,1.0,0.0,1.0,12.0,False,3.0,Clear,0.2,0.197,0.52,0.194,2.0,43.0,47.0
947,,1.0,0.0,1.0,12.0,False,3.0,Clear,0.2,0.197,0.52,0.194,2.0,43.0,47.0
948,,1.0,0.0,1.0,12.0,False,3.0,Clear,0.2,0.197,0.52,0.194,2.0,43.0,47.0
949,,1.0,0.0,1.0,12.0,False,3.0,Clear,0.2,0.197,0.52,0.194,2.0,43.0,47.0
950,,1.0,0.0,1.0,12.0,False,3.0,Clear,0.2,0.197,0.52,0.194,2.0,43.0,47.0
951,,1.0,0.0,1.0,12.0,False,3.0,Clear,0.2,0.197,0.52,0.194,2.0,43.0,47.0
952,,1.0,0.0,1.0,12.0,False,3.0,Clear,0.2,0.197,0.52,0.194,2.0,43.0,47.0
953,,1.0,0.0,1.0,12.0,False,3.0,Clear,0.2,0.197,0.52,0.194,2.0,43.0,47.0
954,,1.0,0.0,1.0,12.0,False,3.0,Clear,0.2,0.197,0.52,0.194,2.0,43.0,47.0
955,,1.0,0.0,1.0,12.0,False,3.0,Clear,0.2,0.197,0.52,0.194,2.0,43.0,47.0
956,,1.0,0.0,1.0,12.0,False,3.0,Clear,0.2,0.197,0.52,0.194,2.0,43.0,47.0
957,,1.0,0.0,1.0,12.0,False,3.0,Clear,0.2,0.197,0.52,0.194,2.0,43.0,47.0
958,,1.0,0.0,1.0,12.0,False,3.0,Clear,0.2,0.197,0.52,0.194,2.0,43.0,47.0
959,,1.0,0.0,1.0,12.0,False,3.0,Clear,0.2,0.197,0.52,0.194,2.0,43.0,47.0
960,,1.0,0.0,1.0,12.0,False,3.0,Clear,0.2,0.197,0.52,0.194,2.0,43.0,47.0
961,,1.0,0.0,1.0,12.0,False,3.0,Clear,0.2,0.197,0.52,0.194,2.0,43.0,47.0
962,,1.0,0.0,1.0,12.0,False,3.0,Clear,0.2,0.197,0.52,0.194,2.0,43.0,47.0
963,,1.0,0.0,1.0,12.0,False,3.0,Clear,0.2,0.197,0.52,0.194,2.0,43.0,47.0
964,,1.0,0.0,1.0,12.0,False,3.0,Clear,0.2,0.197,0.52,0.194,2.0,43.0,47.0
965,,1.0,0.0,1.0,12.0,False,3.0,Clear,0.2,0.197,0.52,0.194,2.0,43.0,47.0
966,,1.0,0.0,1.0,12.0,False,3.0,Clear,0.2,0.197,0.52,0.194,2.0,43.0,47.0
967,,1.0,0.0,1.0,12.0,False,3.0,Clear,0.2,0.197,0.52,0.194,2.0,43.0,47.0
968,,1.0,0.0,1.0,12.0,False,3.0,Clear,0.2,0.197,0.52,0.194,2.0,43.0,47.0
969,,1.0,0.0,1.0,12.0,False,3.0,Clear,0.2,0.197,0.52,0.194,2.0,43.0,47.0
970,,1.0,0.0,1.0,12.0,False,3.0,Clear,0.2,0.197,0.52,0.194,2.0,43.0,47.0
971,,1.0,0.0,1.0,12.0,False,3.0,Clear,0.2,0.197,0.52,0.194,2.0,43.0,47.0
972,,1.0,0.0,1.0,12.0,False,3.0,Clear,0.2,0.197,0.52,0.194,2.0,43.0,47.0
973,,1.0,0.0,1.0,12.0,False,3.0,Clear,0.2,0.197,0.52,0.194,2.0,43.0,47.0
974,,1.0,0.0,1.0,12.0,False,3.0,Clear,0.2,0.197,0.52,0.194,2.0,43.0,47.0
975,,1.0,0.0,1.0,12.0,False,3.0,Clear,0.2,0.197,0.52,0.194,2.0,43.0,47.0
976,,1.0,0.0,1.0,12.0,False,3.0,Clear,0.2,0.197,0.52,0.194,2.0,43.0,47.0
977,,1.0,0.0,1.0,12.0,False,3.0,Clear,0.2,0.197,0.52,0.194,2.0,43.0,47.0
978,,1.0,0.0,1.0,12.0,False,3.0,Clear,0.2,0.197,0.52,0.194,2.0,43.0,47.0
979,,1.0,0.0,1.0,12.0,False,3.0,Clear,0.2,0.197,0.52,0.194,2.0,43.0,47.0
980,,1.0,0.0,1.0,12.0,False,3.0,Clear,0.2,0.197,0.52,0.194,2.0,43.0,47.0
981,,1.0,0.0,1.0,12.0,False,3.0,Clear,0.2,0.197,0.52,0.194,2.0,43.0,47.0
982,,1.0,0.0,1.0,12.0,False,3.0,Clear,0.2,0.197,0.52,0.194,2.0,43.0,47.0
983,,1.0,0.0,1.0,12.0,False,3.0,Clear,0.2,0.197,0.52,0.194,2.0,43.0,47.0
984,,1.0,0.0,1.0,12.0,False,3.0,Clear,0.2,0.197,0.52,0.194,2.0,43.0,47.0
985,,1.0,0.0,1.0,12.0,False,3.0,Clear,0.2,0.197,0.52,0.194,2.0,43.0,47.0
986,,1.0,0.0,1.0,12.0,False,3.0,Clear,0.2,0.197,0.52,0.194,2.0,43.0,47.0
987,,1.0,0.0,1.0,12.0,False,3.0,Clear,0.2,0.197,0.52,0.194,2.0,43.0,47.0
988,,1.0,0.0,1.0,12.0,False,3.0,Clear,0.2,0.197,0.52,0.194,2.0,43.0,47.0
989,,1.0,0.0,1.0,12.0,False,3.0,Clear,0.2,0.197,0.52,0.194,2.0,43.0,47.0
990,,1.0,0.0,1.0,12.0,False,3.0,Clear,0.2,0.197,0.52,0.194,2.0,43.0,47.0
991,,1.0,0.0,1.0,12.0,False,3.0,Clear,0.2,0.197,0.52,0.194,2.0,43.0,47.0
992,,1.0,0.0,1.0,12.0,False,3.0,Clear,0.2,0.197,0.52,0.194,2.0,43.0,47.0
993,,1.0,0.0,1.0,12.0,False,3.0,Clear,0.2,0.197,0.52,0.194,2.0,43.0,47.0
994,,1.0,0.0,1.0,12.0,False,3.0,Clear,0.2,0.197,0.52,0.194,2.0,43.0,47.0
995,,1.0,0.0,1.0,12.0,False,3.0,Clear,0.2,0.197,0.52,0.194,2.0,43.0,47.0
996,,1.0,0.0,1.0,12.0,False,3.0,Clear,0.2,0.197,0.52,0.194,2.0,43.0,47.0
997,,1.0,0.0,1.0,12.0,False,3.0,Clear,0.2,0.197,0.52,0.194,2.0,43.0,47.0
998,,1.0,0.0,1.0,12.0,False,3.0,Clear,0.2,0.197,0.52,0.194,2.0,43.0,47.0
999,,1.0,0.0,1.0,12.0,False,3.0,Clear,0.2,0.197,0.52,0.194,2.0,43.0,47.0
1000,,1.0,0.0,1.0,12.0,False,3.0,Clear,0.2,0.197,0.52,0.194,2.0,43.0,47.0
